pair_index,pair,fixed,moving,group,landmarks,method,initialization_seconds,solver_seconds,total_seconds,tuning_seconds,inner_iterations,failed_subproblems,accepted_steps,subproblems,min_jacobian,nonpositive_jacobian_fraction,rho_initial,alpha_initial,rho_final,alpha_final,h_minus,h_plus,g_minus,g_plus,prepared_size,reuse_policy,initial_tre,median_tre,mean_tre,p95_tre,median_rtre,landmark_improvement
0.0,A01,A01_1,A01_2,A,10.0,manual_external,0.0085339080542325,10.61734688282013,10.625880790874362,3.779120743274689e-05,394.0,0.0,21.0,21.0,0.0507656305908719,0.0,0.1,1.0,0.1,1.0,0.0,0.3036482632160187,0.05,1.65,256.0,fixed,5.612193218490781,5.155592673370002,5.6807153081419175,8.870573076704723,0.0142404474233422,0.0813586644909716
0.0,A01,A01_1,A01_2,A,10.0,predict_pair_full,0.0085339080542325,8.857526142150164,8.866060050204396,0.0636852048337459,260.0,0.0,21.0,21.0,0.0507696325193164,0.0,0.1147146862168005,1.614790788132549,0.1147146862168005,1.614790788132549,0.0,0.3036482632160187,0.05,1.65,256.0,pair_full,5.612193218490781,5.155565216074937,5.680710407025559,8.870612989574852,0.0142403715825627,0.0813635569267798
0.0,A01,A01_1,A01_2,A,10.0,fixed_1_18,0.0085339080542325,41.746933944523335,41.75546785257757,4.042685031890869e-05,1476.0,0.0,21.0,21.0,0.0508069512099289,0.0,1.0,1.8,1.0,1.8,0.0,0.3036482632160187,0.05,1.65,256.0,fixed,5.612193218490781,5.155693414590669,5.680739409261898,8.870444218387501,0.0142407256842808,0.0813407140718137
0.0,A01,A01_1,A01_2,A,10.0,residual_balance,0.0085339080542325,50.51210190542042,50.520635813474655,3.703124821186066e-05,1416.0,0.0,21.0,21.0,0.0508285177550678,0.0,1.0,1.0,1.0,1.0,0.0,0.3036482632160187,0.05,1.65,256.0,fixed,5.612193218490781,5.155834324465571,5.680769006910252,8.87027853674819,0.0142411148964998,0.0813156062629025
0.0,A01,A01_1,A01_2,A,10.0,adaptive_bb_proxy,0.0085339080542325,19.36919092014432,19.377724828198552,3.267824649810791e-05,577.0,0.0,21.0,21.0,0.0507671809420969,0.0,1.0,1.0,1.0,1.0,0.0,0.3036482632160187,0.05,1.65,256.0,fixed,5.612193218490781,5.15554551561101,5.6807050815403874,8.870629335302036,0.0142403171672048,0.0813670672235853
1.0,A02,A02_1,A02_2,A,10.0,manual_external,0.0046337880194187,15.288357581943274,15.292991369962692,2.7291476726531982e-05,299.0,0.0,13.0,14.0,0.0545595417884511,0.0,0.1,1.0,0.1,1.0,0.0,0.5,0.05,1.65,256.0,fixed,4.707571940010588,4.76407607383145,4.731294811481968,7.081762068676812,0.0131590253824015,-0.0120028189775729
1.0,A02,A02_1,A02_2,A,10.0,predict_pair_full,0.0046337880194187,10.0148955732584,10.01952936127782,0.1019371710717678,188.0,0.0,13.0,14.0,0.0545703837369484,0.0,0.140152977645347,1.6882550553315323,0.140152977645347,1.6882550553315323,0.0,0.5,0.05,1.65,256.0,pair_full,4.707571940010588,4.764067988978442,4.731295032070509,7.081767530579312,0.0131590030509391,-0.0120011015629246
1.0,A02,A02_1,A02_2,A,10.0,fixed_1_18,0.0046337880194187,43.8837245516479,43.88835833966732,3.0269846320152283e-05,1048.0,0.0,13.0,14.0,0.0545914680387496,0.0,1.0,1.8,1.0,1.8,0.0,0.5,0.05,1.65,256.0,fixed,4.707571940010588,4.76396599479226,4.731278649584685,7.081774274610076,0.0131587213291395,-0.0119794355772571
1.0,A02,A02_1,A02_2,A,10.0,residual_balance,0.0046337880194187,38.04169752635062,38.04633131437004,2.7408823370933533e-05,1022.0,0.0,13.0,14.0,0.0546316828550162,0.0,1.0,1.0,1.0,1.0,0.0,0.5,0.05,1.65,256.0,fixed,4.707571940010588,4.7638686778988975,4.731268461638765,7.081787348134159,0.0131584525266582,-0.0119587631595854
1.0,A02,A02_1,A02_2,A,10.0,adaptive_bb_proxy,0.0046337880194187,14.232530888170004,14.237164676189424,2.164207398891449e-05,460.0,0.0,13.0,14.0,0.054554975756331,0.0,1.0,1.0,1.0,1.0,0.0,0.5,0.05,1.65,256.0,fixed,4.707571940010588,4.764096904042511,4.731299481102121,7.081763683159824,0.0131590829182745,-0.0120072438087444
2.0,A03,A03_1,A03_2,A,10.0,manual_external,0.0042989253997802,8.239664629101753,8.243963554501534,2.5959685444831848e-05,355.0,0.0,16.0,17.0,0.0621099914101228,0.0,0.1,1.0,0.1,1.0,0.0,0.5,0.05,1.65,256.0,fixed,1.9024326213095144,1.7930843230625024,1.7450043547715597,3.163620324100932,0.0049527425159249,0.0574781450986087
2.0,A03,A03_1,A03_2,A,10.0,predict_pair_full,0.0042989253997802,7.69335169903934,7.69765062443912,0.0703421477228403,213.0,0.0,16.0,17.0,0.0621204907044753,0.0,0.140152977645347,1.6882550553315323,0.140152977645347,1.6882550553315323,0.0,0.5,0.05,1.65,256.0,pair_full,1.9024326213095144,1.7931000042600094,1.7450118333775548,3.163617229509548,0.0049527858295229,0.0574699023901251
2.0,A03,A03_1,A03_2,A,10.0,fixed_1_18,0.0042989253997802,39.44719939492643,39.45149832032621,4.83095645904541e-05,1156.0,0.0,16.0,17.0,0.0621406816784849,0.0,1.0,1.8,1.0,1.8,0.0,0.5,0.05,1.65,256.0,fixed,1.9024326213095144,1.7931706979909916,1.7450419472612864,3.163590618680647,0.0049529810952126,0.0574327427397962
2.0,A03,A03_1,A03_2,A,10.0,residual_balance,0.0042989253997802,38.118452079594135,38.12275100499392,3.015249967575073e-05,1138.0,0.0,16.0,17.0,0.062186490932352,0.0,1.0,1.0,1.0,1.0,0.0,0.5,0.05,1.65,256.0,fixed,1.9024326213095144,1.7932502858385655,1.7450741993091092,3.163565218869473,0.0049532009276607,0.0573909079611646
2.0,A03,A03_1,A03_2,A,10.0,adaptive_bb_proxy,0.0042989253997802,24.935859706252813,24.9401586316526,2.6473775506019592e-05,549.0,0.0,16.0,17.0,0.062103707928032,0.0,1.0,1.0,1.0,1.0,0.0,0.5,0.05,1.65,256.0,fixed,1.9024326213095144,1.7930775843393572,1.7450066207352244,3.1636385991928333,0.004952723902656,0.0574816872598762
3.0,A04,A04_1,A04_2,A,10.0,manual_external,0.0057281795889139,31.319198915734887,31.3249270953238,0.0001106932759284,459.0,0.0,23.0,23.0,0.0532910416068337,0.0,0.1,1.0,0.1,1.0,0.0,0.5,0.05,1.65,256.0,fixed,3.622370434569122,3.321606196128405,3.849563408928264,7.606243279463548,0.0091747276004439,0.0830296745941197
3.0,A04,A04_1,A04_2,A,10.0,predict_pair_full,0.0057281795889139,17.87648566812277,17.882213847711682,0.1570491567254066,296.0,0.0,23.0,23.0,0.0532978114770762,0.0,0.140152977645347,1.6882550553315323,0.140152977645347,1.6882550553315323,0.0,0.5,0.05,1.65,256.0,pair_full,3.622370434569122,3.3216313834326976,3.84958259525985,7.606277314029692,0.0091747971712004,0.0830227213283653
3.0,A04,A04_1,A04_2,A,10.0,fixed_1_18,0.0057281795889139,56.68130295164883,56.68703113123775,4.004128277301788e-05,1622.0,0.0,23.0,23.0,0.053340413394038,0.0,1.0,1.8,1.0,1.8,0.0,0.5,0.05,1.65,256.0,fixed,3.622370434569122,3.3220398685912063,3.8498362333015046,7.606652033941994,0.0091759254627066,0.0829099539662505
3.0,A04,A04_1,A04_2,A,10.0,residual_balance,0.0057281795889139,53.78208097070456,53.78780915029347,4.229508340358734e-05,1519.0,0.0,23.0,23.0,0.0534053872528647,0.0,1.0,1.0,1.0,1.0,0.0,0.5,0.05,1.65,256.0,fixed,3.622370434569122,3.322508056103633,3.8501150037079066,7.607015384599956,0.0091772186602258,0.0827807050335742
3.0,A04,A04_1,A04_2,A,10.0,adaptive_bb_proxy,0.0057281795889139,30.339060068130493,30.344788247719407,6.166286766529083e-05,735.0,0.0,23.0,23.0,0.0532335485959615,0.0,1.0,1.0,1.0,1.0,0.0,0.5,0.05,1.65,256.0,fixed,3.622370434569122,3.3214884379763294,3.84949538647624,7.606155633542667,0.0091744023364288,0.0830621831832335
4.0,A05,A05_1,A05_2,A,10.0,manual_external,0.0064673330634832,9.358123859390616,9.3645911924541,2.182088792324066e-05,277.0,0.0,12.0,12.0,0.0517474802566396,0.0,0.1,1.0,0.1,1.0,0.0,0.5,0.05,1.65,256.0,fixed,5.30752520580098,5.847962716951777,5.682171806747909,9.006569543477701,0.0161528675518855,-0.1018247658172233
4.0,A05,A05_1,A05_2,A,10.0,predict_pair_full,0.0064673330634832,6.294887393712997,6.301354726776481,0.1058920379728078,164.0,0.0,12.0,12.0,0.0517449102806931,0.0,0.140152977645347,1.6882550553315323,0.140152977645347,1.6882550553315323,0.0,0.5,0.05,1.65,256.0,pair_full,5.30752520580098,5.847974318132944,5.682169403340185,9.006565894640673,0.0161528995959241,-0.1018269516158238
4.0,A05,A05_1,A05_2,A,10.0,fixed_1_18,0.0064673330634832,30.22212079539895,30.22858812846244,2.351030707359314e-05,858.0,0.0,12.0,12.0,0.0516764235341693,0.0,1.0,1.8,1.0,1.8,0.0,0.5,0.05,1.65,256.0,fixed,5.30752520580098,5.848186819168296,5.682131654660335,9.006526339627666,0.016153486552655,-0.1018669893032793
4.0,A05,A05_1,A05_2,A,10.0,residual_balance,0.0064673330634832,42.27406641840935,42.28053375147283,2.862140536308289e-05,854.0,0.0,12.0,12.0,0.0516085630497912,0.0,1.0,1.0,1.0,1.0,0.0,0.5,0.05,1.65,256.0,fixed,5.30752520580098,5.848387535584274,5.682101181237318,9.006510404291877,0.016154040958666,-0.1019048066302246
4.0,A05,A05_1,A05_2,A,10.0,adaptive_bb_proxy,0.0064673330634832,18.47971172817052,18.486179061234,2.300925552845001e-05,351.0,0.0,12.0,12.0,0.0517530270603011,0.0,1.0,1.0,1.0,1.0,0.0,0.5,0.05,1.65,256.0,fixed,5.30752520580098,5.847946262486923,5.682175858281772,9.006581278700159,0.016152822102418,-0.1018216656030528
5.0,A06,A06_1,A06_2,A,10.0,manual_external,0.0064275152981281,32.32636110112071,32.33278861641884,4.7890469431877136e-05,441.0,0.0,19.0,20.0,0.0518669517242698,0.0,0.1,1.0,0.1,1.0,0.0,0.5,0.05,1.65,256.0,fixed,1.5351514584947024,1.8013435975857863,1.7984084601114585,2.7070949935218347,0.0049755557542964,-0.1733979651434043
5.0,A06,A06_1,A06_2,A,10.0,predict_pair_full,0.0064275152981281,21.60288481414318,21.60931232944131,0.1399560179561376,275.0,0.0,19.0,20.0,0.0518530953666586,0.0,0.140152977645347,1.6882550553315323,0.140152977645347,1.6882550553315323,0.0,0.5,0.05,1.65,256.0,pair_full,1.5351514584947024,1.8013441771793128,1.7984035414141009,2.707083702776008,0.0049755573552124,-0.1733983426915106
5.0,A06,A06_1,A06_2,A,10.0,fixed_1_18,0.0064275152981281,79.66387058794498,79.67029810324311,3.8485974073410034e-05,1528.0,0.0,19.0,20.0,0.0517776331120499,0.0,1.0,1.8,1.0,1.8,0.0,0.5,0.05,1.65,256.0,fixed,1.5351514584947024,1.8013327805193131,1.7983493319378554,2.7069804423827475,0.0049755258760891,-0.1733909188898157
5.0,A06,A06_1,A06_2,A,10.0,residual_balance,0.0064275152981281,80.68826509267092,80.69469260796905,4.529953002929688e-05,1517.0,0.0,19.0,20.0,0.0516954563378757,0.0,1.0,1.0,1.0,1.0,0.0,0.5,0.05,1.65,256.0,fixed,1.5351514584947024,1.8013287891412018,1.7982906408935222,2.7068514352361777,0.0049755148513605,-0.1733883189000302
5.0,A06,A06_1,A06_2,A,10.0,adaptive_bb_proxy,0.0064275152981281,36.86075530201197,36.867182817310095,4.589930176734924e-05,595.0,0.0,19.0,20.0,0.0518776676457428,0.0,1.0,1.0,1.0,1.0,0.0,0.5,0.05,1.65,256.0,fixed,1.5351514584947024,1.8013461869717533,1.7984187976189911,2.707116774721668,0.0049755629065322,-0.1733996518733698
6.0,A07,A07_1,A07_2,A,10.0,manual_external,0.0063100568950176,18.64476724527776,18.65107730217278,4.176981747150421e-05,385.0,0.0,21.0,21.0,0.052803340388472,0.0,0.1,1.0,0.1,1.0,0.0,0.2211690694093704,0.05,1.65,256.0,fixed,2.0152594851634795,1.4858030562194582,1.5949603283499283,2.394502602345688,0.0041039899084393,0.2627237002692032
6.0,A07,A07_1,A07_2,A,10.0,predict_pair_full,0.0063100568950176,9.176864694803951,9.18317475169897,0.1299192812293768,239.0,0.0,21.0,21.0,0.0528039490362829,0.0,0.1000953809413789,1.5674874669878989,0.1000953809413789,1.5674874669878989,0.0,0.2211690694093704,0.05,1.65,256.0,pair_full,2.0152594851634795,1.485798324903683,1.5948915769837395,2.394413914496893,0.0041039768399023,0.2627260480143992
6.0,A07,A07_1,A07_2,A,10.0,fixed_1_18,0.0063100568950176,44.72054163180292,44.726851688697934,4.016607999801636e-05,1433.0,0.0,21.0,21.0,0.0528036012012299,0.0,1.0,1.8,1.0,1.8,0.0,0.2211690694093704,0.05,1.65,256.0,fixed,2.0152594851634795,1.485816661388182,1.5951692482203463,2.394783665315111,0.0041040274877638,0.2627169491938086
6.0,A07,A07_1,A07_2,A,10.0,residual_balance,0.0063100568950176,46.1490536108613,46.15536366775632,4.052184522151947e-05,1354.0,0.0,21.0,21.0,0.0527982071125188,0.0,1.0,1.0,1.0,1.0,0.0,0.2211690694093704,0.05,1.65,256.0,fixed,2.0152594851634795,1.4858461605701363,1.595431600576303,2.395126392513499,0.0041041089685122,0.2627023112862976
6.0,A07,A07_1,A07_2,A,10.0,adaptive_bb_proxy,0.0063100568950176,22.089696038514376,22.0960060954094,3.936886787414551e-05,623.0,0.0,21.0,21.0,0.0528052122787899,0.0,1.0,1.0,1.0,1.0,0.0,0.2211690694093704,0.05,1.65,256.0,fixed,2.0152594851634795,1.4857890627876122,1.5948622162185015,2.394376739099884,0.0041039512566793,0.2627306440062003
7.0,A08,A08_1,A08_2,A,10.0,manual_external,0.006116148084402,6.5183329526335,6.524449100717902,2.4303793907165527e-05,260.0,0.0,13.0,13.0,0.0517223727713764,0.0,0.1,1.0,0.1,1.0,0.0,0.3320162892341614,0.05,1.65,256.0,fixed,3.5267791939485544,3.234892232473104,3.494194774389407,6.400931069782828,0.0089352118515211,0.0827630382920496
7.0,A08,A08_1,A08_2,A,10.0,predict_pair_full,0.006116148084402,5.483495846390724,5.489611994475126,0.0819547157734632,164.0,0.0,13.0,13.0,0.0517254147600607,0.0,0.119069705126503,1.628094907795735,0.119069705126503,1.628094907795735,0.0,0.3320162892341614,0.05,1.65,256.0,pair_full,3.5267791939485544,3.234876826290127,3.4942429905478045,6.4009443026106,0.0089351692975506,0.0827674066355521
7.0,A08,A08_1,A08_2,A,10.0,fixed_1_18,0.006116148084402,20.908647587522864,20.914763735607263,2.3646280169487e-05,1016.0,0.0,13.0,13.0,0.0517110620498275,0.0,1.0,1.8,1.0,1.8,0.0,0.3320162892341614,0.05,1.65,256.0,fixed,3.5267791939485544,3.2349901909841057,3.49403822985938,6.400858729516317,0.0089354824262375,0.0827352626628947
7.0,A08,A08_1,A08_2,A,10.0,residual_balance,0.006116148084402,15.028220569714904,15.034336717799306,2.0852312445640564e-05,948.0,0.0,13.0,13.0,0.0516975345437285,0.0,1.0,1.0,1.0,1.0,0.0,0.3320162892341614,0.05,1.65,256.0,fixed,3.5267791939485544,3.235085596350218,3.49380510182447,6.400785058424671,0.0089357459488209,0.0827082109647686
7.0,A08,A08_1,A08_2,A,10.0,adaptive_bb_proxy,0.006116148084402,6.682207679376006,6.688323827460408,1.8244609236717224e-05,424.0,0.0,13.0,13.0,0.0517298397430013,0.0,1.0,1.0,1.0,1.0,0.0,0.3320162892341614,0.05,1.65,256.0,fixed,3.5267791939485544,3.234839339377024,3.4942956940408485,6.400965132031712,0.0089350657536035,0.0827780358558808
8.0,A09,A09_1,A09_2,A,10.0,manual_external,0.0041886288672685,6.876351624727249,6.880540253594518,2.356432378292084e-05,297.0,0.0,15.0,15.0,0.0506438275297624,0.0,0.1,1.0,0.1,1.0,0.0,0.3320162892341614,0.05,1.65,256.0,fixed,4.505310052499644,3.431712431198151,3.603440286721259,7.033875688245401,0.0094788559811811,0.2382960570508571
8.0,A09,A09_1,A09_2,A,10.0,predict_pair_full,0.0041886288672685,7.458686893805861,7.46287552267313,0.0696014836430549,188.0,0.0,15.0,15.0,0.0506423995987312,0.0,0.119069705126503,1.628094907795735,0.119069705126503,1.628094907795735,0.0,0.3320162892341614,0.05,1.65,256.0,pair_full,4.505310052499644,3.431680733320977,3.603427822397096,7.033857331575825,0.0094787684273378,0.2383030927213891
8.0,A09,A09_1,A09_2,A,10.0,fixed_1_18,0.0041886288672685,40.24255376309157,40.24674239195883,3.3117830753326416e-05,1151.0,0.0,15.0,15.0,0.0506413383229505,0.0,1.0,1.8,1.0,1.8,0.0,0.3320162892341614,0.05,1.65,256.0,fixed,4.505310052499644,3.431871292443497,3.6034884004000993,7.033964243595895,0.0094792947775243,0.2382607961601537
8.0,A09,A09_1,A09_2,A,10.0,residual_balance,0.0041886288672685,43.651875387877226,43.656064016744494,2.742931246757508e-05,1067.0,0.0,15.0,15.0,0.0506437219631603,0.0,1.0,1.0,1.0,1.0,0.0,0.3320162892341614,0.05,1.65,256.0,fixed,4.505310052499644,3.432058458869776,3.6035609291335056,7.034067289297411,0.0094798117566229,0.2382192526428158
8.0,A09,A09_1,A09_2,A,10.0,adaptive_bb_proxy,0.0041886288672685,24.415258260443807,24.419446889311075,2.837739884853363e-05,491.0,0.0,15.0,15.0,0.0506494257288866,0.0,1.0,1.0,1.0,1.0,0.0,0.3320162892341614,0.05,1.65,256.0,fixed,4.505310052499644,3.431631712525508,3.603411743124541,7.0338260876082686,0.0094786330252405,0.2383139733921747
9.0,A10,A10_1,A10_2,A,10.0,manual_external,0.0044852029532194,25.739717287942767,25.744202490895987,4.45246696472168e-05,455.0,0.0,24.0,24.0,0.1296909891058462,0.0,0.1,1.0,0.1,1.0,0.0,0.1538958102464676,0.05,1.65,256.0,fixed,3.94103194389726,3.0451787523329625,3.149899132550871,5.173458600548729,0.0084111974441399,0.2273143695148958
9.0,A10,A10_1,A10_2,A,10.0,predict_pair_full,0.0044852029532194,21.19779784791172,21.20228305086493,0.1427126079797744,256.0,0.0,24.0,24.0,0.1296839612044389,0.0,0.0850821541815453,1.513879930450093,0.0850821541815453,1.513879930450093,0.0,0.1538958102464676,0.05,1.65,256.0,pair_full,3.94103194389726,3.0450183069358068,3.149755582675184,5.173342054956335,0.0084107542721542,0.2273550810339699
9.0,A10,A10_1,A10_2,A,10.0,fixed_1_18,0.0044852029532194,86.8901139665395,86.89459916949272,5.853734910488129e-05,1724.0,0.0,24.0,24.0,0.1296962982909754,0.0,1.0,1.8,1.0,1.8,0.0,0.1538958102464676,0.05,1.65,256.0,fixed,3.94103194389726,3.0456866620943366,3.1503668822199145,5.173864851881564,0.0084126003599075,0.2271854921628204
9.0,A10,A10_1,A10_2,A,10.0,residual_balance,0.0044852029532194,68.2121926061809,68.21667780913413,4.5122578740119934e-05,1595.0,0.0,24.0,24.0,0.1297204119347769,0.0,1.0,1.0,1.0,1.0,0.0,0.1538958102464676,0.05,1.65,256.0,fixed,3.94103194389726,3.046327818189376,3.1509462433538,5.174304514475295,0.008414371320152,0.2270228047996714
9.0,A10,A10_1,A10_2,A,10.0,adaptive_bb_proxy,0.0044852029532194,43.159064980223775,43.163550183176994,4.988536238670349e-05,705.0,0.0,24.0,24.0,0.1297120264182525,0.0,1.0,1.0,1.0,1.0,0.0,0.1538958102464676,0.05,1.65,256.0,fixed,3.94103194389726,3.044936618551389,3.149679343053915,5.173279643196888,0.0084105286377379,0.2273758086975819
11.0,A12,A12_1,A12_2,A,10.0,manual_external,0.0226966645568609,31.05095606856048,31.073652733117346,4.9134716391563416e-05,441.0,0.0,24.0,24.0,0.211071944177502,0.0,0.1,1.0,0.1,1.0,0.0,0.158233642578125,0.05,1.65,256.0,fixed,3.64162756899864,3.2653773412453315,3.1092229743064763,5.347881948398797,0.0090194158637791,0.1033192496007121
11.0,A12,A12_1,A12_2,A,10.0,predict_pair_full,0.0226966645568609,14.343445593491197,14.366142258048058,0.1688733603805303,256.0,0.0,24.0,24.0,0.2111053806327662,0.0,0.0861664288945518,1.517948885715922,0.0861664288945518,1.517948885715922,0.0,0.158233642578125,0.05,1.65,256.0,pair_full,3.64162756899864,3.265298489179635,3.109050995134962,5.347741001729651,0.0090191980636605,0.1033409025743352
11.0,A12,A12_1,A12_2,A,10.0,fixed_1_18,0.0226966645568609,85.54527090862393,85.5679675731808,6.828643381595612e-05,1681.0,0.0,24.0,24.0,0.2109690787569629,0.0,1.0,1.8,1.0,1.8,0.0,0.158233642578125,0.05,1.65,256.0,fixed,3.64162756899864,3.265597115127596,3.109676328558645,5.348275656947797,0.0090200229091013,0.1032588991452907
11.0,A12,A12_1,A12_2,A,10.0,residual_balance,0.0226966645568609,59.60721551254392,59.62991217710078,5.49759715795517e-05,1551.0,0.0,24.0,24.0,0.2108509659832151,0.0,1.0,1.0,1.0,1.0,0.0,0.158233642578125,0.05,1.65,256.0,fixed,3.64162756899864,3.2658715005991565,3.110288490059927,5.348762159669209,0.0090207807990529,0.1031835522114371
11.0,A12,A12_1,A12_2,A,10.0,adaptive_bb_proxy,0.0226966645568609,42.33210775442421,42.35480441898108,4.225783050060272e-05,699.0,0.0,24.0,24.0,0.2111209225929354,0.0,1.0,1.0,1.0,1.0,0.0,0.158233642578125,0.05,1.65,256.0,fixed,3.64162756899864,3.265267800143689,3.1089856986439988,5.347680676035802,0.0090191132963737,0.1033493298600377
12.0,A13,A13_1,A13_2,A,10.0,manual_external,0.0224835556000471,24.633631955832243,24.65611551143229,4.8074871301651e-05,441.0,0.0,24.0,24.0,0.4426981100765254,0.0,0.1,1.0,0.1,1.0,0.0,0.3363179862499237,0.05,1.65,256.0,fixed,1.920237735817176,1.4562150277504302,1.4592771010832484,2.4749298787770577,0.0040222637538597,0.2416485726805251
12.0,A13,A13_1,A13_2,A,10.0,predict_pair_full,0.0224835556000471,12.385924918577077,12.408408474177122,0.0863562654703855,280.0,0.0,24.0,24.0,0.4427018001743014,0.0,0.1197053832586202,1.6300093450197757,0.1197053832586202,1.6300093450197757,0.0,0.3363179862499237,0.05,1.65,256.0,pair_full,1.920237735817176,1.4561658898621528,1.4592706442415335,2.474968583878649,0.0040221280283362,0.2416741621621611
12.0,A13,A13_1,A13_2,A,10.0,fixed_1_18,0.0224835556000471,71.80532132089138,71.82780487649143,4.098378121852875e-05,1638.0,0.0,24.0,24.0,0.4426790707171356,0.0,1.0,1.8,1.0,1.8,0.0,0.3363179862499237,0.05,1.65,256.0,fixed,1.920237735817176,1.4566894441248466,1.4594415446069395,2.4749211945654763,0.0040235741563419,0.2414015114101588
12.0,A13,A13_1,A13_2,A,10.0,residual_balance,0.0224835556000471,73.19257524982095,73.215058805421,5.007721483707428e-05,1527.0,0.0,24.0,24.0,0.4426515009331531,0.0,1.0,1.0,1.0,1.0,0.0,0.3363179862499237,0.05,1.65,256.0,fixed,1.920237735817176,1.4572323039059605,1.459601048186419,2.474822649425286,0.0040250736088125,0.2411188069455044
12.0,A13,A13_1,A13_2,A,10.0,adaptive_bb_proxy,0.0224835556000471,38.7654875125736,38.78797106817365,4.783459007740021e-05,647.0,0.0,24.0,24.0,0.4427148683160537,0.0,1.0,1.0,1.0,1.0,0.0,0.3363179862499237,0.05,1.65,256.0,fixed,1.920237735817176,1.4560162123754248,1.4592097392798065,2.4749221792653824,0.004021714598782,0.2417521095349972
13.0,A14,A14_1,A14_2,A,10.0,manual_external,0.0040821880102157,32.654258171096444,32.65834035910666,8.466653525829315e-05,432.0,0.0,24.0,24.0,0.2374955968734506,0.0,0.1,1.0,0.1,1.0,0.0,0.3223400115966797,0.05,1.65,256.0,fixed,8.28803410771005,8.298998333625784,8.057831803583479,8.818631293993286,0.0229229609326666,-0.0013228982617883
13.0,A14,A14_1,A14_2,A,10.0,predict_pair_full,0.0040821880102157,21.085245860740542,21.08932804875076,0.2005824856460094,288.0,0.0,24.0,24.0,0.2375490720169931,0.0,0.1176166972972807,1.6236930192711678,0.1176166972972807,1.6236930192711678,0.0,0.3223400115966797,0.05,1.65,256.0,pair_full,8.28803410771005,8.29901712784644,8.057812449860476,8.818559521623044,0.0229230128448575,-0.00132516589491
13.0,A14,A14_1,A14_2,A,10.0,fixed_1_18,0.0040821880102157,78.005071176216,78.00915336422622,4.6176835894584656e-05,1573.0,0.0,24.0,24.0,0.23732008237927,0.0,1.0,1.8,1.0,1.8,0.0,0.3223400115966797,0.05,1.65,256.0,fixed,8.28803410771005,8.298899925489748,8.05790594406379,8.818938449334894,0.0229226891160247,-0.0013110247421144
13.0,A14,A14_1,A14_2,A,10.0,residual_balance,0.0040821880102157,57.48895753920078,57.493039727211,4.699081182479858e-05,1517.0,0.0,24.0,24.0,0.237104201582551,0.0,1.0,1.0,1.0,1.0,0.0,0.3223400115966797,0.05,1.65,256.0,fixed,8.28803410771005,8.298761273456602,8.057989809909486,8.819256213517498,0.0229223061402713,-0.0012942955598567
13.0,A14,A14_1,A14_2,A,10.0,adaptive_bb_proxy,0.0040821880102157,27.6584778688848,27.662560056895018,5.536526441574097e-05,653.0,0.0,24.0,24.0,0.2375777720961387,0.0,1.0,1.0,1.0,1.0,0.0,0.3223400115966797,0.05,1.65,256.0,fixed,8.28803410771005,8.299024298383113,8.057798180962568,8.818498397022804,0.022923032650854,-0.0013260310622802
14.0,P01,P01_1,P01_2,P,10.0,manual_external,0.0067603439092636,6.505554744973779,6.512315088883042,3.592483699321747e-05,338.0,0.0,17.0,17.0,0.0516959606570592,0.0,0.1,1.0,0.1,1.0,0.0,0.1437436938285827,0.05,1.65,256.0,fixed,45.71449759243748,44.56913013260238,44.51291624488859,47.48233408601515,0.1231059927669876,0.0250547970590746
14.0,P01,P01_1,P01_2,P,10.0,predict_pair_full,0.0067603439092636,4.1246203146874905,4.131380658596754,0.1072550565004348,184.0,0.0,17.0,17.0,0.0516923804054848,0.0,0.0824669722193491,1.5039271085888888,0.0824669722193491,1.5039271085888888,0.0,0.1437436938285827,0.05,1.65,256.0,pair_full,45.71449759243748,44.56901823888846,44.51275922403876,47.48228433521872,0.1231056837013474,0.025057244722722
14.0,P01,P01_1,P01_2,P,10.0,fixed_1_18,0.0067603439092636,21.605867866426703,21.61262821033597,2.718530595302581e-05,1315.0,0.0,17.0,17.0,0.0516998410078877,0.0,1.0,1.8,1.0,1.8,0.0,0.1437436938285827,0.05,1.65,256.0,fixed,45.71449759243748,44.56944868085184,44.51333731425824,47.482477850484365,0.1231068726405318,0.0250478288484143
14.0,P01,P01_1,P01_2,P,10.0,residual_balance,0.0067603439092636,23.35790064744652,23.364660991355777,4.347600042819977e-05,1249.0,0.0,17.0,17.0,0.0517143514458324,0.0,1.0,1.0,1.0,1.0,0.0,0.1437436938285827,0.05,1.65,256.0,fixed,45.71449759243748,44.569842014746285,44.51391549189175,47.48266118687949,0.1231079590821882,0.025039224709352
14.0,P01,P01_1,P01_2,P,10.0,adaptive_bb_proxy,0.0067603439092636,10.699295135214925,10.706055479124188,3.088265657424927e-05,540.0,0.0,17.0,17.0,0.0516928171645397,0.0,1.0,1.0,1.0,1.0,0.0,0.1437436938285827,0.05,1.65,256.0,fixed,45.71449759243748,44.56895906072948,44.51267888208752,47.482252605355264,0.1231055202432321,0.02505853923895
15.0,P02,P02_1,P02_2,P,10.0,manual_external,0.0062159057706594,9.05639274418354,9.0626086499542,3.498047590255737e-05,363.0,0.0,17.0,18.0,0.2044798686785701,0.0,0.1,1.0,0.1,1.0,0.0,0.5,0.05,1.65,256.0,fixed,21.40204497823847,20.69318016935096,21.097097256961085,23.44443153712809,0.0571573750861838,0.0331213587117141
15.0,P02,P02_1,P02_2,P,10.0,predict_pair_full,0.0062159057706594,6.336445178836584,6.342661084607244,0.1117031276226043,242.0,0.0,17.0,18.0,0.2044820849650909,0.0,0.140152977645347,1.6882550553315323,0.140152977645347,1.6882550553315323,0.0,0.5,0.05,1.65,256.0,pair_full,21.40204497823847,20.69317080957172,21.09709127029351,23.44443198414891,0.0571573492332018,0.0331217960427845
15.0,P02,P02_1,P02_2,P,10.0,fixed_1_18,0.0062159057706594,33.3402528334409,33.34646873921156,3.071874380111694e-05,1263.0,0.0,17.0,18.0,0.2043803278542066,0.0,1.0,1.8,1.0,1.8,0.0,0.5,0.05,1.65,256.0,fixed,21.40204497823847,20.69342681173788,21.09727765555224,23.44450155924601,0.0571580563459662,0.0331098344677847
15.0,P02,P02_1,P02_2,P,10.0,residual_balance,0.0062159057706594,45.96334549970925,45.96956140547991,3.293156623840332e-05,1259.0,0.0,17.0,18.0,0.2042968858971703,0.0,1.0,1.0,1.0,1.0,0.0,0.5,0.05,1.65,256.0,fixed,21.40204497823847,20.693677630010125,21.097463178014102,23.44456643296144,0.0571587491401114,0.033098115107672
15.0,P02,P02_1,P02_2,P,10.0,adaptive_bb_proxy,0.0062159057706594,17.171061508357525,17.177277414128184,3.227218985557556e-05,532.0,0.0,17.0,18.0,0.2044957712185034,0.0,1.0,1.0,1.0,1.0,0.0,0.5,0.05,1.65,256.0,fixed,21.40204497823847,20.69313296126782,21.09705840086941,23.44441665182104,0.0571572446910442,0.0331235644861243
16.0,P03,P03_1,P03_2,P,10.0,manual_external,0.005700260400772,32.52426611818373,32.529966378584504,4.465505480766296e-05,406.0,0.0,20.0,21.0,0.0508294498203173,0.0,0.1,1.0,0.1,1.0,0.0,0.1426344215869903,0.05,1.65,256.0,fixed,47.0349180971336,47.51088999748434,47.20163293878372,49.18959014516347,0.1312315331930831,-0.0101195435137526
16.0,P03,P03_1,P03_2,P,10.0,predict_pair_full,0.005700260400772,20.96490267664194,20.97060293704272,0.2583084795624017,226.0,0.0,20.0,21.0,0.0508174274152194,0.0,0.0821742980259053,1.5028007685538411,0.0821742980259053,1.5028007685538411,0.0,0.1426344215869903,0.05,1.65,256.0,pair_full,47.0349180971336,47.510897039151466,47.20164775964832,49.18962810916125,0.1312315526431244,-0.0101196932252309
16.0,P03,P03_1,P03_2,P,10.0,fixed_1_18,0.005700260400772,87.94739777967334,87.95309804007411,4.214979708194733e-05,1577.0,0.0,20.0,21.0,0.0508454376520112,0.0,1.0,1.8,1.0,1.8,0.0,0.1426344215869903,0.05,1.65,256.0,fixed,47.0349180971336,47.51089134252655,47.20159282934436,49.18948431061703,0.1312315369082724,-0.0101195721104263
16.0,P03,P03_1,P03_2,P,10.0,residual_balance,0.005700260400772,71.21037646569312,71.21607672609389,4.331208765506744e-05,1464.0,0.0,20.0,21.0,0.050879170821475,0.0,1.0,1.0,1.0,1.0,0.0,0.1426344215869903,0.05,1.65,256.0,fixed,47.0349180971336,47.51087464828156,47.20154370093517,49.18935810773591,0.1312314907964996,-0.0101192171774175
16.0,P03,P03_1,P03_2,P,10.0,adaptive_bb_proxy,0.005700260400772,36.599797394126654,36.60549765452743,4.374049603939056e-05,622.0,0.0,20.0,21.0,0.0508278397747096,0.0,1.0,1.0,1.0,1.0,0.0,0.1426344215869903,0.05,1.65,256.0,fixed,47.0349180971336,47.51089258645493,47.201652930539474,49.1896440807074,0.1312315403441716,-0.0101195985573392
17.0,P04,P04_1,P04_2,P,10.0,manual_external,0.0281633716076612,18.737977450713515,18.766140822321177,2.9671937227249146e-05,312.0,0.0,15.0,16.0,0.0503187970524013,0.0,0.1,1.0,0.1,1.0,0.0,0.1662616431713104,0.05,1.65,256.0,fixed,107.27724265362625,106.44897200461604,106.36028703105283,111.12111986275389,0.2940265232609412,0.0077208420772472
17.0,P04,P04_1,P04_2,P,10.0,predict_pair_full,0.0281633716076612,11.619503691792488,11.64766706340015,0.1424971856176853,179.0,0.0,15.0,16.0,0.0502948929350192,0.0,0.088124261306241,1.5252131812873997,0.088124261306241,1.5252131812873997,0.0,0.1662616431713104,0.05,1.65,256.0,pair_full,107.27724265362625,106.4488361487262,106.36019532368292,111.12104583475752,0.2940261480085155,0.0077221084771517
17.0,P04,P04_1,P04_2,P,10.0,fixed_1_18,0.0281633716076612,46.67526621744037,46.70342958904803,3.1773000955581665e-05,1196.0,0.0,15.0,16.0,0.050367918980114,0.0,1.0,1.8,1.0,1.8,0.0,0.1662616431713104,0.05,1.65,256.0,fixed,107.27724265362625,106.44945812001563,106.36063241786108,111.12140162653752,0.2940278659777205,0.0077163106837516
17.0,P04,P04_1,P04_2,P,10.0,residual_balance,0.0281633716076612,57.12825267203152,57.15641604363918,3.126077353954315e-05,1170.0,0.0,15.0,16.0,0.0504544008676964,0.0,1.0,1.0,1.0,1.0,0.0,0.1662616431713104,0.05,1.65,256.0,fixed,107.27724265362625,106.44998045266942,106.36098618048064,111.12168215829416,0.2940293087314765,0.0077114416859953
17.0,P04,P04_1,P04_2,P,10.0,adaptive_bb_proxy,0.0281633716076612,22.76093353331089,22.78909690491855,3.040209412574768e-05,498.0,0.0,15.0,16.0,0.0502909172215929,0.0,1.0,1.0,1.0,1.0,0.0,0.1662616431713104,0.05,1.65,256.0,fixed,107.27724265362625,106.44876616326997,106.36014555401934,111.12100335481831,0.2940259546991769,0.0077227608564868
18.0,P05,P05_1,P05_2,P,10.0,manual_external,0.0043401308357715,13.328326355665922,13.332666486501694,2.582557499408722e-05,331.0,0.0,17.0,17.0,0.0538380160545514,0.0,0.1,1.0,0.1,1.0,0.0,0.2285508960485458,0.05,1.65,256.0,fixed,108.613051778436,107.24337465410684,107.24192787638496,112.30678410934313,0.2962207713095642,0.012610612646482
18.0,P05,P05_1,P05_2,P,10.0,predict_pair_full,0.0043401308357715,8.320227848365903,8.324567979201674,0.0953262615948915,203.0,0.0,17.0,17.0,0.0538025651763132,0.0,0.1015464889468072,1.5723809038342595,0.1015464889468072,1.5723809038342595,0.0,0.2285508960485458,0.05,1.65,256.0,pair_full,108.613051778436,107.2432923864574,107.2418463717366,112.30669824189197,0.2962205440751393,0.0126113700844516
18.0,P05,P05_1,P05_2,P,10.0,fixed_1_18,0.0043401308357715,33.58176193572581,33.58610206656158,2.3385509848594666e-05,1284.0,0.0,17.0,17.0,0.0539099152786839,0.0,1.0,1.8,1.0,1.8,0.0,0.2285508960485458,0.05,1.65,256.0,fixed,108.613051778436,107.24371093611389,107.24224767714576,112.30712356886184,0.2962217001661563,0.0126075164991817
18.0,P05,P05_1,P05_2,P,10.0,residual_balance,0.0043401308357715,31.4598379470408,31.464178077876568,2.54511833190918e-05,1258.0,0.0,17.0,17.0,0.0540373187107258,0.0,1.0,1.0,1.0,1.0,0.0,0.2285508960485458,0.05,1.65,256.0,fixed,108.613051778436,107.24409433113324,107.24262458903225,112.30751998707044,0.2962227591552894,0.0126039865825365
18.0,P05,P05_1,P05_2,P,10.0,adaptive_bb_proxy,0.0043401308357715,13.92605664394796,13.93039677478373,2.356991171836853e-05,525.0,0.0,17.0,17.0,0.0537913204511243,0.0,1.0,1.0,1.0,1.0,0.0,0.2285508960485458,0.05,1.65,256.0,fixed,108.613051778436,107.243217519871,107.2417769184386,112.3066233302254,0.296220337283456,0.0126120593808594
19.0,P06,P06_1,P06_2,P,10.0,manual_external,0.0284578409045934,4.991515314206481,5.019973155111074,1.991353929042816e-05,316.0,0.0,16.0,16.0,0.0513211505779662,0.0,0.1,1.0,0.1,1.0,0.0,0.4797265827655792,0.05,1.65,256.0,fixed,49.04138418958063,48.80950770948104,48.38168902037457,52.30143910786674,0.1348184917490277,0.0047281797594499
19.0,P06,P06_1,P06_2,P,10.0,predict_pair_full,0.0284578409045934,4.724385008215904,4.752842849120498,0.0697294175624847,216.0,0.0,16.0,16.0,0.0513182916558152,0.0,0.1379496951241852,1.6822649264512075,0.1379496951241852,1.6822649264512075,0.0,0.4797265827655792,0.05,1.65,256.0,pair_full,49.04138418958063,48.80947670492368,48.3816718542304,52.30143379477324,0.1348184061102279,0.0047288119715677
19.0,P06,P06_1,P06_2,P,10.0,fixed_1_18,0.0284578409045934,18.11855260655284,18.14701044745744,2.568215131759644e-05,1123.0,0.0,16.0,16.0,0.0513531432397313,0.0,1.0,1.8,1.0,1.8,0.0,0.4797265827655792,0.05,1.65,256.0,fixed,49.04138418958063,48.8098510425601,48.38189438857735,52.30152379336556,0.1348194400816387,0.0047211788746924
19.0,P06,P06_1,P06_2,P,10.0,residual_balance,0.0284578409045934,17.689244735985994,17.717702576890588,2.2348016500473022e-05,1119.0,0.0,16.0,16.0,0.0513969621080954,0.0,1.0,1.0,1.0,1.0,0.0,0.4797265827655792,0.05,1.65,256.0,fixed,49.04138418958063,48.81018439566405,48.38209612884279,52.301580334835165,0.1348203608482025,0.0047143814910243
19.0,P06,P06_1,P06_2,P,10.0,adaptive_bb_proxy,0.0284578409045934,7.576280046254396,7.60473788715899,2.2372230887413025e-05,474.0,0.0,16.0,16.0,0.0513152826307694,0.0,1.0,1.0,1.0,1.0,0.0,0.4797265827655792,0.05,1.65,256.0,fixed,49.04138418958063,48.80942449407139,48.381639743697846,52.30142012440481,0.1348182618967603,0.0047298766000065
20.0,P07,P07_1,P07_2,P,10.0,manual_external,0.0283871348947286,5.925562327727675,5.953949462622404,2.504698932170868e-05,358.0,0.0,19.0,19.0,0.0515205469301342,0.0,0.1,1.0,0.1,1.0,0.0,0.1937337517738342,0.05,1.65,256.0,fixed,45.8278831056182,45.27704901920491,44.8744528520463,47.10773371835519,0.1250613609124824,0.0120196275517415
20.0,P07,P07_1,P07_2,P,10.0,predict_pair_full,0.0283871348947286,3.886559361591935,3.914946496486664,0.0691057797521352,211.0,0.0,19.0,19.0,0.051523740083549,0.0,0.094395355997764,1.547798317636501,0.094395355997764,1.547798317636501,0.0,0.1937337517738342,0.05,1.65,256.0,pair_full,45.8278831056182,45.2769929477074,44.874347342799446,47.10767173239026,0.1250612060353882,0.0120208510753632
20.0,P07,P07_1,P07_2,P,10.0,fixed_1_18,0.0283871348947286,23.2557936385274,23.28418077342212,2.4607405066490173e-05,1371.0,0.0,19.0,19.0,0.0515289967157347,0.0,1.0,1.8,1.0,1.8,0.0,0.1937337517738342,0.05,1.65,256.0,fixed,45.8278831056182,45.27721837629957,44.8747866962044,47.107937186065456,0.1250618286997874,0.0120159320484106
20.0,P07,P07_1,P07_2,P,10.0,residual_balance,0.0283871348947286,29.0371328946203,29.065520029515028,3.210827708244324e-05,1282.0,0.0,19.0,19.0,0.0515347453782436,0.0,1.0,1.0,1.0,1.0,0.0,0.1937337517738342,0.05,1.65,256.0,fixed,45.8278831056182,45.27742974284941,44.87520659390514,47.10818483289555,0.1250624125229152,0.0120113198661427
20.0,P07,P07_1,P07_2,P,10.0,adaptive_bb_proxy,0.0283871348947286,13.61108692921698,13.63947406411171,3.218837082386017e-05,570.0,0.0,19.0,19.0,0.0515400180907248,0.0,1.0,1.0,1.0,1.0,0.0,0.1937337517738342,0.05,1.65,256.0,fixed,45.8278831056182,45.27694752118542,44.87427294577072,47.10762699478475,0.1250610805611627,0.0120218423173517
21.0,P08,P08_1,P08_2,P,10.0,manual_external,0.0061937998980283,5.395803356543183,5.401997156441212,2.4119392037391663e-05,283.0,0.0,15.0,15.0,0.0554928263761468,0.0,0.1,1.0,0.1,1.0,0.0,0.2131975293159485,0.05,1.65,256.0,fixed,84.31141133683414,84.28571930348753,84.22068007199982,86.80855575061123,0.2328086081120387,0.0003047278291306
21.0,P08,P08_1,P08_2,P,10.0,predict_pair_full,0.0061937998980283,4.017239216715097,4.023433016613126,0.1031140722334384,173.0,0.0,15.0,15.0,0.055494269817287,0.0,0.0984907622738764,1.5620213037457176,0.0984907622738764,1.5620213037457176,0.0,0.2131975293159485,0.05,1.65,256.0,pair_full,84.31141133683414,84.28571917634792,84.2206719992447,86.80852246363393,0.2328086077608618,0.0003047293371067
21.0,P08,P08_1,P08_2,P,10.0,fixed_1_18,0.0061937998980283,18.35119186900556,18.35738566890359,2.6825815439224243e-05,1073.0,0.0,15.0,15.0,0.0554841426382458,0.0,1.0,1.8,1.0,1.8,0.0,0.2131975293159485,0.05,1.65,256.0,fixed,84.31141133683414,84.28576432773212,84.22072835891586,86.80867876219266,0.2328087324751195,0.0003041938059908
21.0,P08,P08_1,P08_2,P,10.0,residual_balance,0.0061937998980283,22.949918869882826,22.95611266978085,2.574920654296875e-05,1055.0,0.0,15.0,15.0,0.0554812271434524,0.0,1.0,1.0,1.0,1.0,0.0,0.2131975293159485,0.05,1.65,256.0,fixed,84.31141133683414,84.28579409148217,84.22076903867081,86.80882630116562,0.2328088146866409,0.0003038407843822
21.0,P08,P08_1,P08_2,P,10.0,adaptive_bb_proxy,0.0061937998980283,12.374239323660731,12.38043312355876,2.5488436222076416e-05,440.0,0.0,15.0,15.0,0.0554966385341824,0.0,1.0,1.0,1.0,1.0,0.0,0.2131975293159485,0.05,1.65,256.0,fixed,84.31141133683414,84.2857130534126,84.22066785805177,86.80850831151653,0.2328085908484826,0.0003048019599609
22.0,P09,P09_1,P09_2,P,10.0,manual_external,0.0110012330114841,6.878149872645736,6.88915110565722,2.317875623703003e-05,250.0,0.0,11.0,13.0,0.0542230288592273,0.0,0.1,1.0,0.1,1.0,0.0,0.293010413646698,0.05,1.65,256.0,fixed,100.54542640194416,100.72233955959672,99.9497486812788,104.0131017487904,0.2782087864045504,-0.0017595346102003
22.0,P09,P09_1,P09_2,P,10.0,predict_pair_full,0.0110012330114841,4.8013100028038025,4.812311235815287,0.128098476678133,164.0,0.0,11.0,13.0,0.0542032785919771,0.0,0.1130035274863165,1.6094705582387197,0.1130035274863165,1.6094705582387197,0.0,0.293010413646698,0.05,1.65,256.0,pair_full,100.54542640194416,100.72235856566502,99.9497428890734,104.01310483275564,0.2782088389018932,-0.0017597236398656
22.0,P09,P09_1,P09_2,P,10.0,fixed_1_18,0.0110012330114841,23.69911068305373,23.710111916065216,2.3912638425827023e-05,966.0,0.0,11.0,13.0,0.0542676944850782,0.0,1.0,1.8,1.0,1.8,0.0,0.293010413646698,0.05,1.65,256.0,fixed,100.54542640194416,100.72229491775164,99.949770564759,104.0130847402358,0.278208663097709,-0.001759090613425
22.0,P09,P09_1,P09_2,P,10.0,residual_balance,0.0110012330114841,24.501588279381394,24.51258951239288,2.451986074447632e-05,959.0,0.0,11.0,13.0,0.0543394602330831,0.0,1.0,1.0,1.0,1.0,0.0,0.293010413646698,0.05,1.65,256.0,fixed,100.54542640194416,100.72221293973033,99.94979320312072,104.01307007033816,0.2782084366632762,-0.0017582752802542
22.0,P09,P09_1,P09_2,P,10.0,adaptive_bb_proxy,0.0110012330114841,12.19268793053925,12.203689163550736,2.3087486624717712e-05,387.0,0.0,11.0,13.0,0.0541942979989848,0.0,1.0,1.0,1.0,1.0,0.0,0.293010413646698,0.05,1.65,256.0,fixed,100.54542640194416,100.72237324208056,99.94974310143832,104.01311218941235,0.2782088794401469,-0.0017598696078728
23.0,P10,P10_1,P10_2,P,10.0,manual_external,0.0145906917750835,22.227856166660786,22.24244685843587,3.431737422943115e-05,343.0,0.0,13.0,16.0,0.0539683038649035,0.0,0.1,1.0,0.1,1.0,0.0,0.4653981328010559,0.05,1.65,256.0,fixed,84.44809022810804,84.16829908139027,83.7578532019378,87.43888498596017,0.2324842775054239,0.0033131731690201
23.0,P10,P10_1,P10_2,P,10.0,predict_pair_full,0.0145906917750835,15.011631440371277,15.026222132146358,0.196190970018506,221.0,0.0,13.0,16.0,0.0539748263975079,0.0,0.1363444305823403,1.677860248942789,0.1363444305823403,1.677860248942789,0.0,0.4653981328010559,0.05,1.65,256.0,pair_full,84.44809022810804,84.16831845519141,83.75787406719103,87.43890130359149,0.2324843310184948,0.0033129437523324
23.0,P10,P10_1,P10_2,P,10.0,fixed_1_18,0.0145906917750835,50.96799786388874,50.982588555663824,3.097951412200928e-05,1319.0,0.0,13.0,16.0,0.0540286218905736,0.0,1.0,1.8,1.0,1.8,0.0,0.4653981328010559,0.05,1.65,256.0,fixed,84.44809022810804,84.16838055010116,83.75795480379709,87.43895468128225,0.232484502533072,0.0033122084496207
23.0,P10,P10_1,P10_2,P,10.0,residual_balance,0.0145906917750835,45.03286650031805,45.047457192093134,3.279745578765869e-05,1299.0,0.0,13.0,16.0,0.0541228068368911,0.0,1.0,1.0,1.0,1.0,0.0,0.4653981328010559,0.05,1.65,256.0,fixed,84.44809022810804,84.16846698407531,83.7580691237472,87.43902781916502,0.2324847412754519,0.0033111849335896
23.0,P10,P10_1,P10_2,P,10.0,adaptive_bb_proxy,0.0145906917750835,19.834954135119915,19.849544826895,2.3059546947479248e-05,466.0,0.0,13.0,16.0,0.0539368869491456,0.0,1.0,1.0,1.0,1.0,0.0,0.4653981328010559,0.05,1.65,256.0,fixed,84.44809022810804,84.16828490870293,83.75783385091185,87.43887795014072,0.2324842383585359,0.0033133409962298
24.0,P11,P11_1,P11_2,P,10.0,manual_external,0.0061639957129955,10.958307188004255,10.96447118371725,2.2981315851211548e-05,277.0,0.0,11.0,13.0,0.0530254835236537,0.0,0.1,1.0,0.1,1.0,0.0,0.3954034745693207,0.05,1.65,256.0,fixed,82.40345665520672,81.50261523340566,81.6863130756498,84.3828279823246,0.2251212965467935,0.0109320829291342
24.0,P11,P11_1,P11_2,P,10.0,predict_pair_full,0.0061639957129955,7.551018612459302,7.5571826081722975,0.1055192500352859,173.0,0.0,11.0,13.0,0.0530300027113583,0.0,0.127859161756124,1.653980880442261,0.127859161756124,1.653980880442261,0.0,0.3954034745693207,0.05,1.65,256.0,pair_full,82.40345665520672,81.50262588935259,81.686318435846,84.3828295258929,0.2251213259799667,0.0109319536148148
24.0,P11,P11_1,P11_2,P,10.0,fixed_1_18,0.0061639957129955,31.722170205786824,31.72833420149982,2.114661037921905e-05,1069.0,0.0,11.0,13.0,0.0530335061429243,0.0,1.0,1.8,1.0,1.8,0.0,0.3954034745693207,0.05,1.65,256.0,fixed,82.40345665520672,81.50271582458268,81.6863932557956,84.38285656834188,0.2251215743932912,0.0109308622136315
24.0,P11,P11_1,P11_2,P,10.0,residual_balance,0.0061639957129955,31.248073739930987,31.254237735643983,1.88928097486496e-05,1022.0,0.0,11.0,13.0,0.0530440367105417,0.0,1.0,1.0,1.0,1.0,0.0,0.3954034745693207,0.05,1.65,256.0,fixed,82.40345665520672,81.50282408787467,81.68647606362926,84.38287851696772,0.2251218734312127,0.010929548393843
24.0,P11,P11_1,P11_2,P,10.0,adaptive_bb_proxy,0.0061639957129955,22.99283867329359,22.999002669006583,2.536177635192871e-05,395.0,0.0,11.0,13.0,0.0530188997241703,0.0,1.0,1.0,1.0,1.0,0.0,0.3954034745693207,0.05,1.65,256.0,fixed,82.40345665520672,81.50259822355247,81.68629341470204,84.38282512434768,0.225121249563268,0.0109322893507322
25.0,P12,P12_1,P12_2,P,10.0,manual_external,0.0062594451010227,5.946275094524026,5.952534539625049,2.3698434233665463e-05,273.0,0.0,12.0,13.0,0.0501745117584351,0.0,0.1,1.0,0.1,1.0,0.0,0.4873778820037842,0.05,1.65,256.0,fixed,83.94470146815169,84.34337449339756,84.37355769882788,87.36888841223575,0.2329678595798355,-0.0047492339393944
25.0,P12,P12_1,P12_2,P,10.0,predict_pair_full,0.0062594451010227,5.153749585151672,5.160009030252695,0.1064375713467598,183.0,0.0,12.0,13.0,0.0501665283131501,0.0,0.1387903732634721,1.6845579934910735,0.1387903732634721,1.6845579934910735,0.0,0.4873778820037842,0.05,1.65,256.0,pair_full,83.94470146815169,84.34338366482692,84.37356304495586,87.36888738309933,0.2329678849125694,-0.0047493431950018
25.0,P12,P12_1,P12_2,P,10.0,fixed_1_18,0.0062594451010227,18.71194864623249,18.71820809133351,2.310425043106079e-05,1053.0,0.0,12.0,13.0,0.0501630459589776,0.0,1.0,1.8,1.0,1.8,0.0,0.4873778820037842,0.05,1.65,256.0,fixed,83.94470146815169,84.34338746180464,84.373559369177,87.36884328790575,0.2329678954003378,-0.0047493884268945
25.0,P12,P12_1,P12_2,P,10.0,residual_balance,0.0062594451010227,12.95192102715373,12.958180472254751,2.231262624263764e-05,987.0,0.0,12.0,13.0,0.0501647831563722,0.0,1.0,1.0,1.0,1.0,0.0,0.4873778820037842,0.05,1.65,256.0,fixed,83.94470146815169,84.34338251835007,84.37354969875757,87.368787434037,0.2329678817458446,-0.0047493295374769
25.0,P12,P12_1,P12_2,P,10.0,adaptive_bb_proxy,0.0062594451010227,4.3791613150388,4.385420760139823,1.9939616322517395e-05,389.0,0.0,12.0,13.0,0.0501696360923857,0.0,1.0,1.0,1.0,1.0,0.0,0.4873778820037842,0.05,1.65,256.0,fixed,83.94470146815169,84.34339087168092,84.37359105333597,87.36892537199756,0.2329679048188794,-0.0047494290474008
26.0,P13,P13_1,P13_2,P,10.0,manual_external,0.0065824426710605,6.010732127353549,6.01731457002461,3.102421760559082e-05,379.0,0.0,19.0,19.0,0.0503463111537075,0.0,0.1,1.0,0.1,1.0,0.0,0.3954034745693207,0.05,1.65,256.0,fixed,94.60910959667936,94.57539761024024,93.4175019473614,96.89824444760642,0.2612300975922456,0.0003563291799684
26.0,P13,P13_1,P13_2,P,10.0,predict_pair_full,0.0065824426710605,3.701873123645784,3.708455566316843,0.035770546644926,248.0,0.0,19.0,19.0,0.0503441502594252,0.0,0.127859161756124,1.653980880442261,0.127859161756124,1.653980880442261,0.0,0.3954034745693207,0.05,1.65,256.0,pair_full,94.60910959667936,94.57539010333716,93.4174933734502,96.89824129300912,0.2612300768571594,0.0003564085264827
26.0,P13,P13_1,P13_2,P,10.0,fixed_1_18,0.0065824426710605,33.75278474390507,33.75936718657613,8.605606853961945e-05,1441.0,0.0,19.0,19.0,0.0503077916452798,0.0,1.0,1.8,1.0,1.8,0.0,0.3954034745693207,0.05,1.65,256.0,fixed,94.60910959667936,94.57550006694824,93.417616514191,96.89829580497198,0.2612303805915933,0.00035524623237
26.0,P13,P13_1,P13_2,P,10.0,residual_balance,0.0065824426710605,48.00028602592647,48.00686846859753,4.903040826320648e-05,1363.0,0.0,19.0,19.0,0.0502745073167764,0.0,1.0,1.0,1.0,1.0,0.0,0.3954034745693207,0.05,1.65,256.0,fixed,94.60910959667936,94.57561678536368,93.41774870727242,96.89834939443288,0.2612307029837145,0.0003540125412812
26.0,P13,P13_1,P13_2,P,10.0,adaptive_bb_proxy,0.0065824426710605,18.798522397875782,18.805104840546846,3.330595791339874e-05,591.0,0.0,19.0,19.0,0.0503559602269323,0.0,1.0,1.0,1.0,1.0,0.0,0.3954034745693207,0.05,1.65,256.0,fixed,94.60910959667936,94.57535320752932,93.41745394633494,96.89822326364984,0.2612299749459253,0.0003567985080392
67.0,S05,S05_1,S05_2,S,10.0,manual_external,0.0071204230189323,6.038697900250554,6.045818323269486,3.222748637199402e-05,381.0,0.0,18.0,18.0,0.0782579741861338,0.0,0.1,1.0,0.1,1.0,0.0,0.5,0.05,1.65,256.0,fixed,1.1607788564220396,1.2232376203086073,1.2833234344081332,2.4016426493535645,0.0033787485012605,-0.0538076340208637
67.0,S05,S05_1,S05_2,S,10.0,predict_pair_full,0.0081857480108737,3.7684065774083138,3.776592325419188,0.0402721241116523,244.0,0.0,18.0,18.0,0.078262071542285,0.0,0.140152977645347,1.6882550553315323,0.140152977645347,1.6882550553315323,0.0,0.5,0.05,1.65,256.0,pair_full,1.1607788564220396,1.2232159018329385,1.2833061583121812,2.4016050702182845,0.00337868851188,-0.0537889237596034
67.0,S05,S05_1,S05_2,S,10.0,fixed_1_18,0.0084986947476863,20.349399330094457,20.357898024842143,3.203563392162323e-05,1362.0,0.0,18.0,18.0,0.0783339388607214,0.0,1.0,1.8,1.0,1.8,0.0,0.5,0.05,1.65,256.0,fixed,1.1607788564220396,1.2228613674789557,1.2830629991342437,2.40116697106054,0.0033777092398258,-0.0534834957687153
67.0,S05,S05_1,S05_2,S,10.0,residual_balance,0.0081067830324172,23.73916532844305,23.747272111475468,3.411434590816498e-05,1309.0,0.0,18.0,18.0,0.0784441736443821,0.0,1.0,1.0,1.0,1.0,0.0,0.5,0.05,1.65,256.0,fixed,1.1607788564220396,1.2225254511518664,1.2828237620475187,2.4006641684259664,0.0033767813932915,-0.0531941070318078
67.0,S05,S05_1,S05_2,S,10.0,adaptive_bb_proxy,0.023620456457138,9.612291812896729,9.635912269353868,3.0841678380966187e-05,545.0,0.0,18.0,18.0,0.0782063704769869,0.0,1.0,1.0,1.0,1.0,0.0,0.5,0.05,1.65,256.0,fixed,1.1607788564220396,1.2233114604898785,1.2833851567958556,2.4017933815730803,0.0033789524578734,-0.0538712466382564
68.0,S06,S06_1,S06_2,S,10.0,manual_external,0.0088529605418443,6.633594950661063,6.642447911202908,3.836676478385925e-05,465.0,0.0,23.0,23.0,0.3399851039587892,0.0,0.1,1.0,0.1,1.0,0.0,0.5,0.05,1.65,256.0,fixed,2.8797080183136954,2.8051010637085025,2.539713584906167,3.3788769224053783,0.0077480702502417,0.0259078191718393
68.0,S06,S06_1,S06_2,S,10.0,predict_pair_full,0.0108026470988988,7.383141541853547,7.393944188952446,0.0909684598445892,302.0,0.0,23.0,23.0,0.3399852651467863,0.0,0.140152977645347,1.6882550553315323,0.140152977645347,1.6882550553315323,0.0,0.5,0.05,1.65,256.0,pair_full,2.8797080183136954,2.805093249780421,2.5397071203304664,3.3788407067254624,0.0077480486671107,0.0259105326164077
68.0,S06,S06_1,S06_2,S,10.0,fixed_1_18,0.0093964878469705,22.496413256973028,22.50580974482,4.100613296031952e-05,1698.0,0.0,23.0,23.0,0.3399932441930475,0.0,1.0,1.8,1.0,1.8,0.0,0.5,0.05,1.65,256.0,fixed,2.8797080183136954,2.805033114242545,2.539660468881576,3.3785766170348923,0.0077478825645848,0.0259314151286257
68.0,S06,S06_1,S06_2,S,10.0,residual_balance,0.0071809664368629,14.550433730706573,14.557614697143435,3.838539123535156e-05,1576.0,0.0,23.0,23.0,0.340023635338041,0.0,1.0,1.0,1.0,1.0,0.0,0.5,0.05,1.65,256.0,fixed,2.8797080183136954,2.804974051576968,2.539634655796209,3.3782915823298314,0.007747719425478,0.0259519250779682
68.0,S06,S06_1,S06_2,S,10.0,adaptive_bb_proxy,0.0074545834213495,10.274003650993109,10.281458234414458,4.524923861026764e-05,736.0,0.0,23.0,23.0,0.3399826299505477,0.0,1.0,1.0,1.0,1.0,0.0,0.5,0.05,1.65,256.0,fixed,2.8797080183136954,2.805136374002388,2.539741385422831,3.3789675811121667,0.0077481677820708,0.0258955574100009
69.0,S07,S07_1,S07_2,S,10.0,manual_external,0.0085390303283929,3.37494994327426,3.3834889736026525,3.254041075706482e-05,350.0,0.0,19.0,19.0,0.0512979595097025,0.0,0.1,1.0,0.1,1.0,0.0,0.4530178308486938,0.05,1.65,256.0,fixed,1.3019993257242168,0.9296082057021408,0.9758774208118336,1.7891101136302117,0.0025677041644478,0.2860148332378385
69.0,S07,S07_1,S07_2,S,10.0,predict_pair_full,0.0081236138939857,2.463484100997448,2.4716077148914337,0.0365944467484951,239.0,0.0,19.0,19.0,0.0512898795393712,0.0,0.1349237060398744,1.6739328823453117,0.1349237060398744,1.6739328823453117,0.0,0.4530178308486938,0.05,1.65,256.0,pair_full,1.3019993257242168,0.9295753441275209,0.9758598470515614,1.7890855727493156,0.002567613396314,0.2860400725555331
69.0,S07,S07_1,S07_2,S,10.0,fixed_1_18,0.0081782154738903,24.77747804298997,24.78565625846386,3.557465970516205e-05,1249.0,0.0,19.0,19.0,0.0513051094949661,0.0,1.0,1.8,1.0,1.8,0.0,0.4530178308486938,0.05,1.65,256.0,fixed,1.3019993257242168,0.9299567388958654,0.9760456568874164,1.7892386506727882,0.002568666860482,0.2857471424742274
69.0,S07,S07_1,S07_2,S,10.0,residual_balance,0.0079495348036289,22.015842020511627,22.023791555315256,3.0156224966049194e-05,1250.0,0.0,19.0,19.0,0.0513010732077802,0.0,1.0,1.0,1.0,1.0,0.0,0.4530178308486938,0.05,1.65,256.0,fixed,1.3019993257242168,0.93027260873908,0.9761988958415064,1.7893729462889956,0.0025695393359043,0.2855045387823716
69.0,S07,S07_1,S07_2,S,10.0,adaptive_bb_proxy,0.0081767626106739,7.023191064596176,7.03136782720685,3.2141804695129395e-05,516.0,0.0,19.0,19.0,0.0512851591135417,0.0,1.0,1.0,1.0,1.0,0.0,0.4530178308486938,0.05,1.65,256.0,fixed,1.3019993257242168,0.9295281751287228,0.9758375866229476,1.7890750684221406,0.0025674831091307,0.2860763006839706
70.0,S08,S08_1,S08_2,S,10.0,manual_external,0.008189108222723,6.70851163379848,6.716700742021203,5.54155558347702e-05,416.0,0.0,24.0,24.0,0.7387168547745318,0.0,0.1,1.0,0.1,1.0,0.0,0.1801722347736358,0.05,1.65,256.0,fixed,1.789198120343498,1.5386092741185804,1.4820389724102572,2.3783131312330914,0.0042498478567412,0.1400565110015142
70.0,S08,S08_1,S08_2,S,10.0,predict_pair_full,0.0082740560173988,4.043598752468824,4.051872808486223,0.0369603000581264,247.0,0.0,24.0,24.0,0.7387456405190298,0.0,0.0913776311679492,1.5370564285967772,0.0913776311679492,1.5370564285967772,0.0,0.1801722347736358,0.05,1.65,256.0,pair_full,1.789198120343498,1.5385329542618096,1.4819193468433196,2.378240766445487,0.0042496370509277,0.1400991669018882
70.0,S08,S08_1,S08_2,S,10.0,fixed_1_18,0.0081104654818773,14.317992750555277,14.326103216037154,3.770552575588226e-05,1556.0,0.0,24.0,24.0,0.7386241188740533,0.0,1.0,1.8,1.0,1.8,0.0,0.1801722347736358,0.05,1.65,256.0,fixed,1.789198120343498,1.5388594157318876,1.482436076909253,2.3785723375467187,0.0042505387818624,0.1399167044532829
70.0,S08,S08_1,S08_2,S,10.0,residual_balance,0.0059112235903739,12.42453438974917,12.430445613339543,3.507174551486969e-05,1434.0,0.0,24.0,24.0,0.7385015159518048,0.0,1.0,1.0,1.0,1.0,0.0,0.1801722347736358,0.05,1.65,256.0,fixed,1.789198120343498,1.539155041707417,1.4828989861413313,2.3788384865600274,0.0042513553409717,0.1397514762585026
70.0,S08,S08_1,S08_2,S,10.0,adaptive_bb_proxy,0.0059610828757286,6.538307277485728,6.544268360361457,3.259442746639252e-05,696.0,0.0,24.0,24.0,0.7387630736384355,0.0,1.0,1.0,1.0,1.0,0.0,0.1801722347736358,0.05,1.65,256.0,fixed,1.789198120343498,1.5384977042174952,1.4818629252856352,2.378203718569748,0.0042495396855161,0.1401188684899424
71.0,S09,S09_1,S09_2,S,10.0,manual_external,0.0059737525880336,4.936825437471271,4.942799190059304,3.60049307346344e-05,467.0,0.0,24.0,24.0,0.130688245014422,0.0,0.1,1.0,0.1,1.0,0.0,0.3836959898471832,0.05,1.65,256.0,fixed,1.7664557976530424,1.014315692272969,1.3446470877498795,2.5779829282678373,0.0028016777510552,0.4257905045685037
71.0,S09,S09_1,S09_2,S,10.0,predict_pair_full,0.0114074200391769,6.497496392577887,6.508903812617064,0.0619779825210571,304.0,0.0,24.0,24.0,0.1306639805482723,0.0,0.1263231790833349,1.6495454441904156,0.1263231790833349,1.6495454441904156,0.0,0.3836959898471832,0.05,1.65,256.0,pair_full,1.7664557976530424,1.0142960574120865,1.3446417738252965,2.5779780611302283,0.0028016235169018,0.4258016199674334
71.0,S09,S09_1,S09_2,S,10.0,fixed_1_18,0.0079385619610548,29.450960343703628,29.45889890566468,4.227086901664734e-05,1704.0,0.0,24.0,24.0,0.1306384490913212,0.0,1.0,1.8,1.0,1.8,0.0,0.3836959898471832,0.05,1.65,256.0,fixed,1.7664557976530424,1.014613961497405,1.344767610099916,2.578013964676279,0.0028025016111771,0.4256216527779114
71.0,S09,S09_1,S09_2,S,10.0,residual_balance,0.0079918652772903,19.02450419589877,19.03249606117606,3.862753510475159e-05,1656.0,0.0,24.0,24.0,0.130608797386037,0.0,1.0,1.0,1.0,1.0,0.0,0.3836959898471832,0.05,1.65,256.0,fixed,1.7664557976530424,1.0149782524294526,1.3449019088143264,2.578057841307764,0.0028035078322255,0.425415425748324
71.0,S09,S09_1,S09_2,S,10.0,adaptive_bb_proxy,0.0061850119382143,6.663399210199714,6.669584222137928,3.3814460039138794e-05,689.0,0.0,24.0,24.0,0.13072680016799,0.0,1.0,1.0,1.0,1.0,0.0,0.3836959898471832,0.05,1.65,256.0,fixed,1.7664557976530424,1.0142177312089162,1.3446077480280434,2.57796059915713,0.0028014071692869,0.4258459608466528
72.0,S10,S10_1,S10_2,S,10.0,manual_external,0.0056343991309404,4.289465520530939,4.29509991966188,3.62154096364975e-05,479.0,0.0,24.0,24.0,0.1350885644689496,0.0,0.1,1.0,0.1,1.0,0.0,0.1376633942127227,0.05,1.65,256.0,fixed,2.337499025943293,2.1775115069188606,2.164418656883137,4.420711485476599,0.0060145826275549,0.0684438869277395
72.0,S10,S10_1,S10_2,S,10.0,predict_pair_full,0.0055851247161626,2.428271371871233,2.433856496587396,0.0277807153761386,246.0,0.0,24.0,24.0,0.1350708831935783,0.0,0.0808450408366621,1.497652816805752,0.0808450408366621,1.497652816805752,0.0,0.1376633942127227,0.05,1.65,256.0,pair_full,2.337499025943293,2.1774267445994733,2.164436002036332,4.420898888590766,0.0060143485025126,0.0684801488976682
72.0,S10,S10_1,S10_2,S,10.0,fixed_1_18,0.0055175609886646,15.307452889159322,15.312970450147986,3.693439066410065e-05,1875.0,0.0,24.0,24.0,0.1351588727041338,0.0,1.0,1.8,1.0,1.8,0.0,0.1376633942127227,0.05,1.65,256.0,fixed,2.337499025943293,2.177805247771256,2.1643223000486502,4.419937879320702,0.006015393979698,0.0683182223395898
72.0,S10,S10_1,S10_2,S,10.0,residual_balance,0.0056480225175619,26.84488327987492,26.850531302392483,0.0001093093305826,1732.0,0.0,24.0,24.0,0.135278880863942,0.0,1.0,1.0,1.0,1.0,0.0,0.1376633942127227,0.05,1.65,256.0,fixed,2.337499025943293,2.1782439609633126,2.164214350506137,4.418899593582025,0.0060166057651398,0.0681305374733345
72.0,S10,S10_1,S10_2,S,10.0,adaptive_bb_proxy,0.0073438677936792,17.868305392563343,17.875649260357022,4.1775405406951904e-05,764.0,0.0,24.0,24.0,0.1350535125322858,0.0,1.0,1.0,1.0,1.0,0.0,0.1376633942127227,0.05,1.65,256.0,fixed,2.337499025943293,2.1773484341725853,2.1644640556912327,4.421120329752989,0.006014132198474,0.0685136506985327
73.0,S11,S11_1,S11_2,S,10.0,manual_external,0.0239760130643844,13.480090890079737,13.50406690314412,5.533918738365173e-05,481.0,0.0,24.0,24.0,0.0879607176897959,0.0,0.1,1.0,0.1,1.0,0.0,0.132576122879982,0.05,1.65,256.0,fixed,2.346942284743566,2.336209074842778,2.3683562613650224,4.233856760500363,0.0064529268714487,0.0045732739026244
73.0,S11,S11_1,S11_2,S,10.0,predict_pair_full,0.0077283568680286,4.692438261583448,4.700166618451476,0.1122312024235725,246.0,0.0,24.0,24.0,0.0879566871367242,0.0,0.0794535797340504,1.4922061315682025,0.0794535797340504,1.4922061315682025,0.0,0.132576122879982,0.05,1.65,256.0,pair_full,2.346942284743566,2.336195507413421,2.3683769176516303,4.2340387169017335,0.0064528893963655,0.0045790547986629
73.0,S11,S11_1,S11_2,S,10.0,fixed_1_18,0.0069007575511932,27.5932244155556,27.60012517310679,4.2866915464401245e-05,1880.0,0.0,24.0,24.0,0.0879812143052296,0.0,1.0,1.8,1.0,1.8,0.0,0.132576122879982,0.05,1.65,256.0,fixed,2.346942284743566,2.336252249411748,2.3682711203974645,4.233143373201463,0.0064530461254741,0.0045548778094397
73.0,S11,S11_1,S11_2,S,10.0,residual_balance,0.0055871438235044,13.915426392108202,13.921013535931706,3.5434961318969727e-05,1738.0,0.0,24.0,24.0,0.0880035256880353,0.0,1.0,1.0,1.0,1.0,0.0,0.132576122879982,0.05,1.65,256.0,fixed,2.346942284743566,2.3363227573980323,2.3681605013601974,4.232215373999815,0.0064532408781117,0.0045248353210737
73.0,S11,S11_1,S11_2,S,10.0,adaptive_bb_proxy,0.0054553188383579,6.331727873533964,6.337183192372322,4.895776510238648e-05,759.0,0.0,24.0,24.0,0.0879574590477109,0.0,1.0,1.0,1.0,1.0,0.0,0.132576122879982,0.05,1.65,256.0,fixed,2.346942284743566,2.3361853568012902,2.368399117727931,4.234225706948533,0.0064528613589957,0.0045833798356257
74.0,S12,S12_1,S12_2,S,10.0,manual_external,0.0053548254072666,5.1734116692096,5.178766494616866,4.576332867145538e-05,419.0,0.0,24.0,24.0,0.576419349432709,0.0,0.1,1.0,0.1,1.0,0.0,0.1664496958255767,0.05,1.65,256.0,fixed,2.0879078678109018,1.6053842199191313,1.6043173076490198,2.361745859189865,0.0044342893293542,0.2311038984677271
74.0,S12,S12_1,S12_2,S,10.0,predict_pair_full,0.0084594301879405,6.817983219400048,6.826442649587989,0.040920577943325,248.0,0.0,24.0,24.0,0.5764921501322401,0.0,0.0881693907948324,1.5253793921223289,0.0881693907948324,1.5253793921223289,0.0,0.1664496958255767,0.05,1.65,256.0,pair_full,2.0879078678109018,1.605161870261388,1.604192874079546,2.361734399354843,0.0044336751693902,0.2312103924664189
74.0,S12,S12_1,S12_2,S,10.0,fixed_1_18,0.0236090272665023,51.33953329920769,51.36314232647419,4.875287413597107e-05,1584.0,0.0,24.0,24.0,0.5762235983238281,0.0,1.0,1.8,1.0,1.8,0.0,0.1664496958255767,0.05,1.65,256.0,fixed,2.0879078678109018,1.6060061484892143,1.6046762309600606,2.36180880031895,0.0044360071805625,0.2308060268136801
74.0,S12,S12_1,S12_2,S,10.0,residual_balance,0.0235259588807821,16.89706870354712,16.920594662427902,4.5750290155410767e-05,1458.0,0.0,24.0,24.0,0.5759548314981714,0.0,1.0,1.0,1.0,1.0,0.0,0.1664496958255767,0.05,1.65,256.0,fixed,2.0879078678109018,1.6067491913175995,1.605110604801962,2.361836945386816,0.0044380595658073,0.2304501476870959
74.0,S12,S12_1,S12_2,S,10.0,adaptive_bb_proxy,0.0053301788866519,6.340031800791621,6.345361979678273,3.673136234283447e-05,711.0,0.0,24.0,24.0,0.5765193316154775,0.0,1.0,1.0,1.0,1.0,0.0,0.1664496958255767,0.05,1.65,256.0,fixed,2.0879078678109018,1.6050953655926932,1.6041476828039538,2.361724642871389,0.0044334914744597,0.2312422447668581
75.0,S13,S13_1,S13_2,S,10.0,manual_external,0.006214827299118,8.440170163288713,8.44638499058783,9.446218609809875e-05,462.0,0.0,24.0,24.0,0.4332706410551401,0.0,0.1,1.0,0.1,1.0,0.0,0.1571418046951294,0.05,1.65,256.0,fixed,1.973372770828892,2.219053611536109,2.2099614485630013,3.559083782815444,0.0061293275645846,-0.1244979379151449
75.0,S13,S13_1,S13_2,S,10.0,predict_pair_full,0.0085899587720632,5.523897431790829,5.532487390562892,0.0380709785968065,248.0,0.0,24.0,24.0,0.4332587548346454,0.0,0.0858953071236626,1.5169345520652016,0.0858953071236626,1.5169345520652016,0.0,0.1571418046951294,0.05,1.65,256.0,pair_full,1.973372770828892,2.219091536671304,2.2100493653995463,3.5593374283314274,0.0061294323189607,-0.1245171563495712
75.0,S13,S13_1,S13_2,S,10.0,fixed_1_18,0.0244801752269268,36.82240913808346,36.84688931331039,5.399435758590698e-05,1780.0,0.0,24.0,24.0,0.4333078120078321,0.0,1.0,1.8,1.0,1.8,0.0,0.1571418046951294,0.05,1.65,256.0,fixed,1.973372770828892,2.218937266945776,2.209630120124018,3.558113882107476,0.0061290062050191,-0.1244389806861543
75.0,S13,S13_1,S13_2,S,10.0,residual_balance,0.0079271830618381,21.20645675994456,21.2143839430064,5.063600838184357e-05,1645.0,0.0,24.0,24.0,0.4333622169096319,0.0,1.0,1.0,1.0,1.0,0.0,0.1571418046951294,0.05,1.65,256.0,fixed,1.973372770828892,2.218777086045552,2.2092223492711645,3.556886482323035,0.0061285637636099,-0.1243578095548849
75.0,S13,S13_1,S13_2,S,10.0,adaptive_bb_proxy,0.0080041829496622,9.107783447951078,9.11578763090074,4.704296588897705e-05,737.0,0.0,24.0,24.0,0.4332511005000658,0.0,1.0,1.0,1.0,1.0,0.0,0.1571418046951294,0.05,1.65,256.0,fixed,1.973372770828892,2.2191129159347307,2.210118896839516,3.5595527575966552,0.006129491371391,-0.1245279902192499
76.0,S14,S14_1,S14_2,S,10.0,manual_external,0.0082672256976366,5.861372319981456,5.869639545679092,4.63780015707016e-05,480.0,0.0,24.0,24.0,0.055815942510957,0.0,0.1,1.0,0.1,1.0,0.0,0.2130056619644165,0.05,1.65,256.0,fixed,3.702859502340527,4.061562678071431,4.447466782976724,6.853500111073115,0.0112185879370254,-0.0968719378909934
76.0,S14,S14_1,S14_2,S,10.0,predict_pair_full,0.0081621948629617,3.779398243874312,3.787560438737273,0.0376781914383173,270.0,0.0,24.0,24.0,0.0558027002777569,0.0,0.0984516429360015,1.5618873095497,0.0984516429360015,1.5618873095497,0.0,0.2130056619644165,0.05,1.65,256.0,pair_full,3.702859502340527,4.061593582784488,4.447490973444022,6.853589181622991,0.0112186733000417,-0.0968802840658988
76.0,S14,S14_1,S14_2,S,10.0,fixed_1_18,0.0059223677963018,23.38124875724316,23.38717112503946,3.88510525226593e-05,1891.0,0.0,24.0,24.0,0.0558760244535105,0.0,1.0,1.8,1.0,1.8,0.0,0.2130056619644165,0.05,1.65,256.0,fixed,3.702859502340527,4.061354477927958,4.447277107711803,6.852860113937179,0.0112180128599422,-0.0968157110362233
76.0,S14,S14_1,S14_2,S,10.0,residual_balance,0.007496939972043,27.530666690319777,27.53816363029182,4.464201629161835e-05,1746.0,0.0,24.0,24.0,0.0559807899936788,0.0,1.0,1.0,1.0,1.0,0.0,0.2130056619644165,0.05,1.65,256.0,fixed,3.702859502340527,4.061066440064572,4.44702316254199,6.851962295674333,0.0112172172602295,-0.0967379230825609
76.0,S14,S14_1,S14_2,S,10.0,adaptive_bb_proxy,0.0236375220119953,15.734886350110171,15.758523872122169,4.214607179164887e-05,772.0,0.0,24.0,24.0,0.0557751685933108,0.0,1.0,1.0,1.0,1.0,0.0,0.2130056619644165,0.05,1.65,256.0,fixed,3.702859502340527,4.0616851154108975,4.447576058025186,6.853877774265034,0.0112189261255918,-0.0969050035094403
77.0,S15,S15_1,S15_2,S,10.0,manual_external,0.0077746305614709,7.928249074146151,7.9360237047076225,3.300420939922333e-05,347.0,0.0,19.0,19.0,0.0507203390526447,0.0,0.1,1.0,0.1,1.0,0.0,0.1801722347736358,0.05,1.65,256.0,fixed,0.8222583489141959,0.4947695272607537,0.5992268297955933,1.016333071993051,0.0013666206556661,0.3982797159633559
77.0,S15,S15_1,S15_2,S,10.0,predict_pair_full,0.0075944010168313,2.7197689339518547,2.727363334968686,0.0364082399755716,201.0,0.0,19.0,19.0,0.0507256853097922,0.0,0.0913776311679492,1.5370564285967772,0.0913776311679492,1.5370564285967772,0.0,0.1801722347736358,0.05,1.65,256.0,pair_full,0.8222583489141959,0.4947418664838131,0.5992055126377782,1.0163351348712422,0.0013665442528421,0.3983133559707539
77.0,S15,S15_1,S15_2,S,10.0,fixed_1_18,0.0129587482661008,16.09916108287871,16.11211983114481,6.514601409435272e-05,1278.0,0.0,19.0,19.0,0.0507352809075008,0.0,1.0,1.8,1.0,1.8,0.0,0.1801722347736358,0.05,1.65,256.0,fixed,0.8222583489141959,0.4949089348208183,0.5993283497047935,1.0163135413936628,0.0013670057182875,0.398110173677469
77.0,S15,S15_1,S15_2,S,10.0,residual_balance,0.0076226517558097,13.486701847985389,13.494324499741197,4.764087498188019e-05,1239.0,0.0,19.0,19.0,0.0507430543359397,0.0,1.0,1.0,1.0,1.0,0.0,0.1801722347736358,0.05,1.65,256.0,fixed,0.8222583489141959,0.4950635916455167,0.599434808120859,1.016283466655027,0.0013674329014496,0.3979220858035028
77.0,S15,S15_1,S15_2,S,10.0,adaptive_bb_proxy,0.0076787453144788,5.695132294669747,5.702811039984226,3.308244049549103e-05,487.0,0.0,19.0,19.0,0.0507379208925809,0.0,1.0,1.0,1.0,1.0,0.0,0.1801722347736358,0.05,1.65,256.0,fixed,0.8222583489141959,0.4947235026045027,0.5991897733263265,1.0163372551189644,0.0013664935293125,0.3983356894372789
78.0,S16,S16_1,S16_2,S,10.0,manual_external,0.0076149906963109,5.737157283350825,5.744772274047136,4.556030035018921e-05,456.0,0.0,24.0,24.0,0.1758945509290633,0.0,0.1,1.0,0.1,1.0,0.0,0.3836959898471832,0.05,1.65,256.0,fixed,1.847114526693684,1.513757260439613,1.4524165996710294,2.443244304172376,0.0041812032184657,0.1804746058987452
78.0,S16,S16_1,S16_2,S,10.0,predict_pair_full,0.0074046608060598,5.3020813670009375,5.309486027806997,0.0373326409608125,296.0,0.0,24.0,24.0,0.1759076485474968,0.0,0.1263231790833349,1.6495454441904156,0.1263231790833349,1.6495454441904156,0.0,0.3836959898471832,0.05,1.65,256.0,pair_full,1.847114526693684,1.5137076544596124,1.452401178461972,2.4432251744869307,0.0041810662000092,0.180501461829595
78.0,S16,S16_1,S16_2,S,10.0,fixed_1_18,0.0051312055438756,28.704612324014303,28.70974352955818,5.055777728557587e-05,1736.0,0.0,24.0,24.0,0.1758549944857279,0.0,1.0,1.8,1.0,1.8,0.0,0.3836959898471832,0.05,1.65,256.0,fixed,1.847114526693684,1.5140965365698251,1.452591847043826,2.443347858124324,0.0041821403452327,0.1802909269089971
78.0,S16,S16_1,S16_2,S,10.0,residual_balance,0.0239500813186168,21.482132533565164,21.50608261488378,4.544295370578766e-05,1604.0,0.0,24.0,24.0,0.17575910701961,0.0,1.0,1.0,1.0,1.0,0.0,0.3836959898471832,0.05,1.65,256.0,fixed,1.847114526693684,1.5145272531827405,1.4528055325318467,2.4434702093840626,0.0041833300430365,0.1800577434183742
78.0,S16,S16_1,S16_2,S,10.0,adaptive_bb_proxy,0.007612669840455,8.402518337592483,8.410131007432938,3.683753311634064e-05,689.0,0.0,24.0,24.0,0.1759407759157484,0.0,1.0,1.0,1.0,1.0,0.0,0.3836959898471832,0.05,1.65,256.0,fixed,1.847114526693684,1.5135885877272603,1.4523316689796275,2.443192452421188,0.0041807373215176,0.1805659227661701
79.0,S17,S17_1,S17_2,S,10.0,manual_external,0.0073763485997915,6.595657953992486,6.6030343025922775,4.443340003490448e-05,488.0,0.0,24.0,24.0,0.050896571729936,0.0,0.1,1.0,0.1,1.0,0.0,0.1376633942127227,0.05,1.65,256.0,fixed,1.5636036158396105,1.5670674930800956,1.5681349055544804,2.780283653769512,0.0043284533239606,-0.0022153167237484
79.0,S17,S17_1,S17_2,S,10.0,predict_pair_full,0.0063662715256214,5.477837473154068,5.484203744679689,0.0284227430820465,256.0,0.0,24.0,24.0,0.0508948793209378,0.0,0.0808450408366621,1.497652816805752,0.0808450408366621,1.497652816805752,0.0,0.1376633942127227,0.05,1.65,256.0,pair_full,1.5636036158396105,1.5670159968644135,1.5681336884978094,2.7803822389314536,0.0043283110844165,-0.0021823824076849
79.0,S17,S17_1,S17_2,S,10.0,fixed_1_18,0.0244266167283058,44.00454892963171,44.028975546360016,4.3937936425209045e-05,1920.0,0.0,24.0,24.0,0.0509085473467765,0.0,1.0,1.8,1.0,1.8,0.0,0.1376633942127227,0.05,1.65,256.0,fixed,1.5636036158396105,1.567169917621639,1.5681219354577656,2.779996569567739,0.0043287362344602,-0.0022808221629182
79.0,S17,S17_1,S17_2,S,10.0,residual_balance,0.0075893606990575,23.58081919699908,23.58840855769813,4.331581294536591e-05,1776.0,0.0,24.0,24.0,0.0509170486423568,0.0,1.0,1.0,1.0,1.0,0.0,0.1376633942127227,0.05,1.65,256.0,fixed,1.5636036158396105,1.567343052959693,1.5681134179012814,2.779594563104156,0.0043292144577868,-0.0023915505702332
79.0,S17,S17_1,S17_2,S,10.0,adaptive_bb_proxy,0.0056458804756402,6.26984934322536,6.275495223701,3.407523036003113e-05,719.0,0.0,24.0,24.0,0.0509020969405192,0.0,1.0,1.0,1.0,1.0,0.0,0.1376633942127227,0.05,1.65,256.0,fixed,1.5636036158396105,1.5669948717079918,1.568143747929316,2.7804634733104727,0.0043282527338643,-0.0021688718502725
80.0,S18,S18_1,S18_2,S,10.0,manual_external,0.0055416971445083,1.9794383607804773,1.9849800579249857,2.557598054409027e-05,369.0,0.0,18.0,18.0,0.0507291863027557,0.0,0.1,1.0,0.1,1.0,0.0,0.132576122879982,0.05,1.65,256.0,fixed,1.8274182870515496,1.1792039305844897,1.5817411476835752,3.6889565671495737,0.0032571214676489,0.3547159186600718
80.0,S18,S18_1,S18_2,S,10.0,predict_pair_full,0.0054936800152063,1.491476096212864,1.4969697762280705,0.0269666910171508,190.0,0.0,18.0,18.0,0.0507246334251692,0.0,0.0794535797340504,1.4922061315682025,0.0794535797340504,1.4922061315682025,0.0,0.132576122879982,0.05,1.65,256.0,pair_full,1.8274182870515496,1.1792793280973175,1.5817934876228694,3.689157654238062,0.0032573297258231,0.3546746596262962
80.0,S18,S18_1,S18_2,S,10.0,fixed_1_18,0.005695266649127,10.623478040099144,10.629173306748273,3.253854811191559e-05,1467.0,0.0,18.0,18.0,0.0507380052845932,0.0,1.0,1.8,1.0,1.8,0.0,0.132576122879982,0.05,1.65,256.0,fixed,1.8274182870515496,1.1790185492700345,1.581607887928021,3.6884394510251983,0.0032566094192717,0.3548173630397022
80.0,S18,S18_1,S18_2,S,10.0,residual_balance,0.0076315328478813,16.467140363529325,16.474771896377206,3.053434193134308e-05,1356.0,0.0,18.0,18.0,0.0507527093020349,0.0,1.0,1.0,1.0,1.0,0.0,0.132576122879982,0.05,1.65,256.0,fixed,1.8274182870515496,1.1787412592919946,1.581414972192556,3.687662037143932,0.0032558435066786,0.3549691016865158
80.0,S18,S18_1,S18_2,S,10.0,adaptive_bb_proxy,0.0361837837845087,9.319518512114882,9.355702295899391,5.546025931835175e-05,543.0,0.0,18.0,18.0,0.0507284312677115,0.0,1.0,1.0,1.0,1.0,0.0,0.132576122879982,0.05,1.65,256.0,fixed,1.8274182870515496,1.1793353908028583,1.581833031363053,3.6893135414469977,0.0032574845786327,0.3546439809875094
81.0,S19,S19_1,S19_2,S,10.0,manual_external,0.0075933672487735,11.398723121732472,11.406316488981249,4.29544597864151e-05,449.0,0.0,24.0,24.0,0.0516295915164652,0.0,0.1,1.0,0.1,1.0,0.0,0.1664496958255767,0.05,1.65,256.0,fixed,1.6713704742737223,1.3441662255881663,1.5133734917094297,2.582997463415416,0.0037127697388879,0.1957700304766625
81.0,S19,S19_1,S19_2,S,10.0,predict_pair_full,0.0278279222548007,6.23817447014153,6.266002392396331,0.1025396976619958,256.0,0.0,24.0,24.0,0.0516407487358926,0.0,0.0881693907948324,1.5253793921223289,0.0881693907948324,1.5253793921223289,0.0,0.1664496958255767,0.05,1.65,256.0,pair_full,1.6713704742737223,1.3441251800852672,1.5133431897787986,2.583038268170927,0.0037126563656323,0.1957945884687599
81.0,S19,S19_1,S19_2,S,10.0,fixed_1_18,0.0243552029132843,22.066411823034286,22.09076702594757,4.2008236050605774e-05,1675.0,0.0,24.0,24.0,0.0516205411589913,0.0,1.0,1.8,1.0,1.8,0.0,0.1664496958255767,0.05,1.65,256.0,fixed,1.6713704742737223,1.3443195546305464,1.5134972165162166,2.5828581833689754,0.0037131932545349,0.1956782919634243
81.0,S19,S19_1,S19_2,S,10.0,residual_balance,0.0057714637368917,13.150915037840605,13.156686501577497,3.5664066672325134e-05,1590.0,0.0,24.0,24.0,0.051594037543591,0.0,1.0,1.0,1.0,1.0,0.0,0.1664496958255767,0.05,1.65,256.0,fixed,1.6713704742737223,1.3445211072618388,1.5136401452694297,2.582683576471882,0.0037137499702862,0.1955577007274329
81.0,S19,S19_1,S19_2,S,10.0,adaptive_bb_proxy,0.0063689276576042,9.776293873786926,9.78266280144453,6.772205233573914e-05,634.0,0.0,24.0,24.0,0.0516593655757881,0.0,1.0,1.0,1.0,1.0,0.0,0.1664496958255767,0.05,1.65,256.0,fixed,1.6713704742737223,1.344106893878083,1.5133186069726934,2.5830463009675406,0.0037126058566436,0.1958055293148893
82.0,S20,S20_1,S20_2,S,10.0,manual_external,0.0061946921050548,5.581674786284566,5.587869478389621,4.3118372559547424e-05,471.0,0.0,24.0,24.0,0.0526288955444771,0.0,0.1,1.0,0.1,1.0,0.0,0.1571418046951294,0.05,1.65,256.0,fixed,1.55074426854594,1.2098187465763273,1.5284478413161653,2.7962540257402755,0.00334168374887,0.2198463853037888
82.0,S20,S20_1,S20_2,S,10.0,predict_pair_full,0.0075919795781373,7.564672434702516,7.572264414280653,0.0375238209962844,256.0,0.0,24.0,24.0,0.052628282681376,0.0,0.0858953071236626,1.5169345520652016,0.0858953071236626,1.5169345520652016,0.0,0.1571418046951294,0.05,1.65,256.0,pair_full,1.55074426854594,1.209845162930216,1.5284768490736296,2.7963510203215005,0.0033417567144285,0.2198293506744019
82.0,S20,S20_1,S20_2,S,10.0,fixed_1_18,0.0314719155430793,48.16167185641825,48.19314377196133,4.596635699272156e-05,1850.0,0.0,24.0,24.0,0.0526388688288103,0.0,1.0,1.8,1.0,1.8,0.0,0.1571418046951294,0.05,1.65,256.0,fixed,1.55074426854594,1.2097127054670365,1.528332823068303,2.7959473612113426,0.003341390848919,0.2199147660880623
82.0,S20,S20_1,S20_2,S,10.0,residual_balance,0.0077371262013912,28.36116442456841,28.36890155076981,4.5223161578178406e-05,1709.0,0.0,24.0,24.0,0.0526486213401464,0.0,1.0,1.0,1.0,1.0,0.0,0.1571418046951294,0.05,1.65,256.0,fixed,1.55074426854594,1.2095822416565167,1.5281934459111242,2.795525905271188,0.003341030490149,0.219998895891516
82.0,S20,S20_1,S20_2,S,10.0,adaptive_bb_proxy,0.0054493248462677,6.191639993339777,6.197089318186045,4.094652831554413e-05,698.0,0.0,24.0,24.0,0.0526353722930318,0.0,1.0,1.0,1.0,1.0,0.0,0.1571418046951294,0.05,1.65,256.0,fixed,1.55074426854594,1.2098899369637108,1.5285160603278496,2.7964390114341344,0.0033418803863922,0.2198004780650342
83.0,S21,S21_1,S21_2,S,10.0,manual_external,0.0054125431925058,1.4908184688538313,1.4962310120463371,2.389959990978241e-05,349.0,0.0,17.0,17.0,0.050213555604993,0.0,0.1,1.0,0.1,1.0,0.0,0.2130056619644165,0.05,1.65,256.0,fixed,3.432318907496872,3.1426841844509235,3.924358006156136,6.793233419775511,0.0086805206951287,0.0843845606578816
83.0,S21,S21_1,S21_2,S,10.0,predict_pair_full,0.0055965818464756,0.9596915952861308,0.9652881771326064,0.0265969168394804,196.0,0.0,17.0,17.0,0.0502096225086701,0.0,0.0984516429360015,1.5618873095497,0.0984516429360015,1.5618873095497,0.0,0.2130056619644165,0.05,1.65,256.0,pair_full,3.432318907496872,3.142695688143364,3.924376223096855,6.793339189506225,0.0086805524698902,0.0843812090775797
83.0,S21,S21_1,S21_2,S,10.0,fixed_1_18,0.0053801368921995,6.270706644281745,6.2760867811739445,2.2802501916885376e-05,1401.0,0.0,17.0,17.0,0.0502246004611209,0.0,1.0,1.8,1.0,1.8,0.0,0.2130056619644165,0.05,1.65,256.0,fixed,3.432318907496872,3.142655435455844,3.924280484133248,6.792815160835849,0.0086804412864983,0.0843929366263901
83.0,S21,S21_1,S21_2,S,10.0,residual_balance,0.0094242468476295,7.86134048551321,7.87076473236084,4.404410719871521e-05,1297.0,0.0,17.0,17.0,0.0502456948048178,0.0,1.0,1.0,1.0,1.0,0.0,0.2130056619644165,0.05,1.65,256.0,fixed,3.432318907496872,3.142608503775642,3.924165898206872,6.792144151420077,0.0086803116548213,0.0844066100878213
83.0,S21,S21_1,S21_2,S,10.0,adaptive_bb_proxy,0.0075955744832754,4.358167054131627,4.365762628614903,4.972517490386963e-05,537.0,0.0,17.0,17.0,0.0502082073628267,0.0,1.0,1.0,1.0,1.0,0.0,0.2130056619644165,0.05,1.65,256.0,fixed,3.432318907496872,3.1427087752796794,3.924416207849082,6.793561125544909,0.0086805886183387,0.0843773961637252
84.0,S22,S22_1,S22_2,S,10.0,manual_external,0.0069508645683526,11.443142175674438,11.450093040242791,5.458667874336243e-05,462.0,0.0,24.0,24.0,0.1926744352250789,0.0,0.1,1.0,0.1,1.0,0.0,0.3836959898471832,0.05,1.65,256.0,fixed,2.1575028201136006,1.2988250484202783,1.240157639222925,1.905705698630221,0.0035875312473161,0.3979961294552151
84.0,S22,S22_1,S22_2,S,10.0,predict_pair_full,0.0233661942183971,9.363100348040462,9.38646654225886,0.1019940935075283,304.0,0.0,24.0,24.0,0.1926744741848728,0.0,0.1263231790833349,1.6495454441904156,0.1263231790833349,1.6495454441904156,0.0,0.3836959898471832,0.05,1.65,256.0,pair_full,2.1575028201136006,1.298799231998796,1.2401147795738785,1.9056884355349464,0.0035874599388524,0.398008095335974
84.0,S22,S22_1,S22_2,S,10.0,fixed_1_18,0.0074101462960243,30.948353704065084,30.95576385036111,4.496611654758453e-05,1758.0,0.0,24.0,24.0,0.1926589612908738,0.0,1.0,1.8,1.0,1.8,0.0,0.3836959898471832,0.05,1.65,256.0,fixed,2.1575028201136006,1.2990571535182642,1.2405166091457809,1.9058960816428183,0.0035881723531314,0.3978885490173951
84.0,S22,S22_1,S22_2,S,10.0,residual_balance,0.0058600362390279,15.7918388992548,15.797698935493829,3.801845014095306e-05,1671.0,0.0,24.0,24.0,0.1926397546230216,0.0,1.0,1.0,1.0,1.0,0.0,0.3836959898471832,0.05,1.65,256.0,fixed,2.1575028201136006,1.2993358642181283,1.2409752409178565,1.906110838296436,0.0035889421899512,0.3977593669383426
84.0,S22,S22_1,S22_2,S,10.0,adaptive_bb_proxy,0.0056516211479902,6.835040090605617,6.840691711753607,3.2164156436920166e-05,705.0,0.0,24.0,24.0,0.1926999470790317,0.0,1.0,1.0,1.0,1.0,0.0,0.3836959898471832,0.05,1.65,256.0,fixed,2.1575028201136006,1.298713052765884,1.2399815387911834,1.9056166118331923,0.0035872219001024,0.398048039308287
85.0,S23,S23_1,S23_2,S,10.0,manual_external,0.0060712955892086,5.286682441830635,5.292753737419844,3.4887343645095825e-05,481.0,0.0,24.0,24.0,0.0511574518296977,0.0,0.1,1.0,0.1,1.0,0.0,0.1376633942127227,0.05,1.65,256.0,fixed,1.2896650384760582,0.727073994250643,1.1274701316103288,3.025061758847108,0.0020082771553086,0.4362303601645034
85.0,S23,S23_1,S23_2,S,10.0,predict_pair_full,0.0079356990754604,4.236508263275027,4.244443962350488,0.0314905885607004,247.0,0.0,24.0,24.0,0.0511241027382082,0.0,0.0808450408366621,1.497652816805752,0.0808450408366621,1.497652816805752,0.0,0.1376633942127227,0.05,1.65,256.0,pair_full,1.2896650384760582,0.7271113274431344,1.1275026517005151,3.0252690818331467,0.0020083802746585,0.4362014121885735
85.0,S23,S23_1,S23_2,S,10.0,fixed_1_18,0.009292671456933,28.572020968422294,28.581313639879227,4.533492028713226e-05,1896.0,0.0,24.0,24.0,0.0512612835284121,0.0,1.0,1.8,1.0,1.8,0.0,0.1376633942127227,0.05,1.65,256.0,fixed,1.2896650384760582,0.7269356995910565,1.1273582820674777,3.024351219566337,0.0020078951666696,0.4363375931711062
85.0,S23,S23_1,S23_2,S,10.0,residual_balance,0.0079066772013902,22.9583258163184,22.966232493519783,4.593469202518463e-05,1754.0,0.0,24.0,24.0,0.0514157838770575,0.0,1.0,1.0,1.0,1.0,0.0,0.1376633942127227,0.05,1.65,256.0,fixed,1.2896650384760582,0.7267485924293198,1.1271965579873826,3.0233576452326045,0.0020073783512677,0.4364826751545317
85.0,S23,S23_1,S23_2,S,10.0,adaptive_bb_proxy,0.0060911085456609,6.777396799996495,6.783487908542156,3.814697265625e-05,749.0,0.0,24.0,24.0,0.0510915937298258,0.0,1.0,1.0,1.0,1.0,0.0,0.1376633942127227,0.05,1.65,256.0,fixed,1.2896650384760582,0.7271562303686767,1.1275388228921297,3.0254917129539605,0.0020085043026396,0.4361665946784429
86.0,S24,S24_1,S24_2,S,10.0,manual_external,0.0061317179352045,4.611414583399892,4.617546301335096,3.5312026739120483e-05,481.0,0.0,23.0,24.0,0.0503262688274266,0.0,0.1,1.0,0.1,1.0,0.0,0.132576122879982,0.05,1.65,256.0,fixed,1.4952612990690055,1.0253118234275689,1.4510924756657415,3.4384011316346044,0.0028320505592827,0.314292542671122
86.0,S24,S24_1,S24_2,S,10.0,predict_pair_full,0.0060534998774528,2.5858403872698545,2.5918938871473074,0.0290549118071794,247.0,0.0,23.0,24.0,0.0503193640844723,0.0,0.0794535797340504,1.4922061315682025,0.0794535797340504,1.4922061315682025,0.0,0.132576122879982,0.05,1.65,256.0,pair_full,1.4952612990690055,1.0253627093125446,1.4511388138512953,3.4386513854742446,0.0028321911130105,0.3142585112379487
86.0,S24,S24_1,S24_2,S,10.0,fixed_1_18,0.0059280581772327,26.033109849318866,26.03903790749609,4.299357533454895e-05,1904.0,0.0,23.0,24.0,0.0503489936322736,0.0,1.0,1.8,1.0,1.8,0.0,0.132576122879982,0.05,1.65,256.0,fixed,1.4952612990690055,1.025153144799193,1.450956490734434,3.437644261600135,0.0028316122673524,0.3143986636738353
86.0,S24,S24_1,S24_2,S,10.0,residual_balance,0.0236119963228702,22.537062322720885,22.56067431904376,4.4148415327072144e-05,1691.0,0.0,22.0,23.0,0.0500253316281313,0.0,1.0,1.0,1.0,1.0,0.0,0.132576122879982,0.05,1.65,256.0,fixed,1.4952612990690055,1.0249173421100708,1.4507563102286254,3.4365900743870323,0.0028309609482879,0.3145563636619704
86.0,S24,S24_1,S24_2,S,10.0,adaptive_bb_proxy,0.0075505878776311,10.412875771522522,10.420426359400151,4.222802817821503e-05,746.0,0.0,23.0,24.0,0.0503321691167512,0.0,1.0,1.0,1.0,1.0,0.0,0.132576122879982,0.05,1.65,256.0,fixed,1.4952612990690055,1.0254114909540906,1.4511789439613858,3.4388785691199137,0.0028323258545322,0.314225887079498
87.0,S25,S25_1,S25_2,S,10.0,manual_external,0.0080002360045909,6.1067897994071245,6.114790035411716,4.1950494050979614e-05,418.0,0.0,24.0,24.0,0.6701751859510893,0.0,0.1,1.0,0.1,1.0,0.0,0.1664496958255767,0.05,1.65,256.0,fixed,2.1163393816929106,1.7051840305498196,1.7521909745954865,2.9841765095869905,0.0047099499655186,0.1942766621934728
87.0,S25,S25_1,S25_2,S,10.0,predict_pair_full,0.0094031412154436,3.1090046409517527,3.1184077821671963,0.0524223838001489,240.0,0.0,24.0,24.0,0.6701794568207738,0.0,0.0881693907948324,1.5253793921223289,0.0881693907948324,1.5253793921223289,0.0,0.1664496958255767,0.05,1.65,256.0,pair_full,2.1163393816929106,1.7049600179647308,1.752069892314158,2.9841876457378977,0.0047093312123234,0.1943825112775217
87.0,S25,S25_1,S25_2,S,10.0,fixed_1_18,0.0080993473529815,17.812984434887767,17.82108378224075,4.584901034832001e-05,1561.0,0.0,24.0,24.0,0.6701667758952008,0.0,1.0,1.8,1.0,1.8,0.0,0.1664496958255767,0.05,1.65,256.0,fixed,2.1163393816929106,1.7059525695593092,1.7526132523724864,2.984156197416192,0.0047120727746796,0.1939135167470773
87.0,S25,S25_1,S25_2,S,10.0,residual_balance,0.0076150465756654,15.993624087423086,16.00123913399875,3.87001782655716e-05,1440.0,0.0,24.0,24.0,0.6701625782555692,0.0,1.0,1.0,1.0,1.0,0.0,0.1664496958255767,0.05,1.65,256.0,fixed,2.1163393816929106,1.7068879464650482,1.753118169614566,2.984106724562231,0.0047146564127774,0.1934715380579172
87.0,S25,S25_1,S25_2,S,10.0,adaptive_bb_proxy,0.0075303148478269,18.08086835592985,18.08839867077768,7.07823783159256e-05,677.0,0.0,24.0,24.0,0.6701897925100111,0.0,1.0,1.0,1.0,1.0,0.0,0.1664496958255767,0.05,1.65,256.0,fixed,2.1163393816929106,1.704846047265022,1.7520051420963083,2.9841892438776245,0.0047090164097663,0.1944363640294454
88.0,S26,S26_1,S26_2,S,10.0,manual_external,0.0074623357504606,13.17527784779668,13.18274018354714,4.518404603004456e-05,462.0,0.0,24.0,24.0,0.3580885040720934,0.0,0.1,1.0,0.1,1.0,0.0,0.1571418046951294,0.05,1.65,256.0,fixed,1.470263854606444,1.7479127104924974,1.722991874551677,3.233637367973709,0.0048279723848101,-0.188842876749619
88.0,S26,S26_1,S26_2,S,10.0,predict_pair_full,0.0073358938097953,5.047039546072483,5.054375439882278,0.0374681837856769,248.0,0.0,24.0,24.0,0.358068130051151,0.0,0.0858953071236626,1.5169345520652016,0.0858953071236626,1.5169345520652016,0.0,0.1571418046951294,0.05,1.65,256.0,pair_full,1.470263854606444,1.7480330145947989,1.7230636164234874,3.233818739077037,0.0048283046810857,-0.1889247015880142
88.0,S26,S26_1,S26_2,S,10.0,fixed_1_18,0.0075732767581939,24.316153509542342,24.32372678630054,4.673376679420471e-05,1811.0,0.0,24.0,24.0,0.3581480251491228,0.0,1.0,1.8,1.0,1.8,0.0,0.1571418046951294,0.05,1.65,256.0,fixed,1.470263854606444,1.747629792382868,1.722810497360543,3.2331263955550966,0.0048271909265529,-0.1886504499897945
88.0,S26,S26_1,S26_2,S,10.0,residual_balance,0.0053563322871923,13.426081825047731,13.431438157334924,3.748200833797455e-05,1672.0,0.0,24.0,24.0,0.3582338032157289,0.0,1.0,1.0,1.0,1.0,0.0,0.1571418046951294,0.05,1.65,256.0,fixed,1.470263854606444,1.7471731010794938,1.722539778975787,3.232380178014923,0.0048259294831251,-0.1883398313876005
88.0,S26,S26_1,S26_2,S,10.0,adaptive_bb_proxy,0.0051431953907012,6.138483263552189,6.14362645894289,3.37846577167511e-05,720.0,0.0,24.0,24.0,0.3580508561724957,0.0,1.0,1.0,1.0,1.0,0.0,0.1571418046951294,0.05,1.65,256.0,fixed,1.470263854606444,1.748117032165819,1.7231180100899166,3.233970110669365,0.0048285367490318,-0.1889818461411887
89.0,S27,S27_1,S27_2,S,10.0,manual_external,0.00546270981431,3.92374112829566,3.92920383810997,3.532133996486664e-05,463.0,0.0,22.0,23.0,0.0501569773540111,0.0,0.1,1.0,0.1,1.0,0.0,0.2130056619644165,0.05,1.65,256.0,fixed,2.7020979650187016,2.300930826728883,3.134891808211404,5.960357272261084,0.0063554835571139,0.1484650606618157
89.0,S27,S27_1,S27_2,S,10.0,predict_pair_full,0.0076539125293493,6.174939841032028,6.1825937535613775,0.0357306487858295,260.0,0.0,22.0,23.0,0.05016828818863,0.0,0.0984516429360015,1.5618873095497,0.0984516429360015,1.5618873095497,0.0,0.2130056619644165,0.05,1.65,256.0,pair_full,2.7020979650187016,2.3008951876264,3.13490808203303,5.960477473708725,0.0063553851170707,0.1484782500809057
89.0,S27,S27_1,S27_2,S,10.0,fixed_1_18,0.0058016013354063,19.912836553528905,19.91863815486431,4.237145185470581e-05,1846.0,0.0,22.0,23.0,0.0501556254065189,0.0,1.0,1.8,1.0,1.8,0.0,0.2130056619644165,0.05,1.65,256.0,fixed,2.7020979650187016,2.301121535508493,3.134804024769813,5.959762882130804,0.0063560103206736,0.1483944826213157
89.0,S27,S27_1,S27_2,S,10.0,residual_balance,0.0075523275882005,19.41624221205712,19.42379453964532,4.258379340171814e-05,1709.0,0.0,22.0,23.0,0.0501198983673689,0.0,1.0,1.0,1.0,1.0,0.0,0.2130056619644165,0.05,1.65,256.0,fixed,2.7020979650187016,2.301405179110393,3.1346789292801587,5.958853651162922,0.006356793782839,0.1482895110009037
89.0,S27,S27_1,S27_2,S,10.0,adaptive_bb_proxy,0.0055600386112928,6.473306639119983,6.478866677731276,3.3289194107055664e-05,709.0,0.0,21.0,22.0,0.0500013272060974,0.0,1.0,1.0,1.0,1.0,0.0,0.2130056619644165,0.05,1.65,256.0,fixed,2.7020979650187016,2.300813763340785,3.1349430250395147,5.960795352005599,0.0063551602121312,0.1485083838090936
90.0,S28,S28_1,S28_2,S,10.0,manual_external,0.0052321776747703,2.6181409154087305,2.623373093083501,2.905912697315216e-05,391.0,0.0,20.0,20.0,0.051176469664123,0.0,0.1,1.0,0.1,1.0,0.0,0.1376633942127227,0.05,1.65,256.0,fixed,1.7251754268690376,1.8394541825100967,1.7339379889572075,2.6102416897617227,0.0050808223677142,-0.0662418174176024
90.0,S28,S28_1,S28_2,S,10.0,predict_pair_full,0.0054611079394817,1.6774892564862969,1.6829503644257784,0.0268685277551412,208.0,0.0,20.0,20.0,0.0511702974443764,0.0,0.0808450408366621,1.497652816805752,0.0808450408366621,1.497652816805752,0.0,0.1376633942127227,0.05,1.65,256.0,pair_full,1.7251754268690376,1.839459610600989,1.7339836749657973,2.6104439561403567,0.0050808373608387,-0.0662449638169815
90.0,S28,S28_1,S28_2,S,10.0,fixed_1_18,0.0057958792895078,9.336760876700282,9.34255675598979,2.8057023882865902e-05,1511.0,0.0,20.0,20.0,0.0512074214704338,0.0,1.0,1.8,1.0,1.8,0.0,0.1376633942127227,0.05,1.65,256.0,fixed,1.7251754268690376,1.8394276182874063,1.733792173117319,2.609626753978292,0.005080748993722,-0.066226419434141
90.0,S28,S28_1,S28_2,S,10.0,residual_balance,0.0054092425853013,8.619640620425344,8.625049863010645,2.838484942913056e-05,1397.0,0.0,20.0,20.0,0.0512354413534014,0.0,1.0,1.0,1.0,1.0,0.0,0.1376633942127227,0.05,1.65,256.0,fixed,1.7251754268690376,1.8394082101884992,1.733621711653785,2.608837402596037,0.005080695385916,-0.0662151695063919
90.0,S28,S28_1,S28_2,S,10.0,adaptive_bb_proxy,0.005200833082199,5.119235245510936,5.124436078593135,2.561137080192566e-05,579.0,0.0,20.0,20.0,0.0511770472803897,0.0,1.0,1.0,1.0,1.0,0.0,0.1376633942127227,0.05,1.65,256.0,fixed,1.7251754268690376,1.8394693409519407,1.7340078623219708,2.6105473605065272,0.0050808642373901,-0.0662506040265513
91.0,S29,S29_1,S29_2,S,10.0,manual_external,0.0077249016612768,4.281097050756216,4.288821952417493,6.615184247493744e-05,374.0,0.0,18.0,19.0,0.0504365789838834,0.0,0.1,1.0,0.1,1.0,0.0,0.132576122879982,0.05,1.65,256.0,fixed,2.50283503354738,2.159372163893579,2.020208571970952,3.1754860803605416,0.0059644792976352,0.1372295277359365
91.0,S29,S29_1,S29_2,S,10.0,predict_pair_full,0.0078883524984121,2.3240894936025143,2.3319778461009264,0.1212532985955476,198.0,0.0,18.0,19.0,0.050427357548377,0.0,0.0794535797340504,1.4922061315682025,0.0794535797340504,1.4922061315682025,0.0,0.132576122879982,0.05,1.65,256.0,pair_full,2.50283503354738,2.159354859474569,2.0202669003462206,3.1756126816832992,0.0059644315004788,0.1372364416630545
91.0,S29,S29_1,S29_2,S,10.0,fixed_1_18,0.0076122358441352,12.039538586512208,12.047150822356343,3.319978713989258e-05,1454.0,0.0,18.0,19.0,0.0504685212369298,0.0,1.0,1.8,1.0,1.8,0.0,0.132576122879982,0.05,1.65,256.0,fixed,2.50283503354738,2.15941375472652,2.020057814333416,3.175185312840378,0.0059645941771665,0.1372129102472152
91.0,S29,S29_1,S29_2,S,10.0,residual_balance,0.0076519045978784,9.982867810875176,9.990519715473056,3.112666308879852e-05,1346.0,0.0,18.0,19.0,0.0505043663365364,0.0,1.0,1.0,1.0,1.0,0.0,0.132576122879982,0.05,1.65,256.0,fixed,2.50283503354738,2.159481414698047,2.019866541462707,3.174749094840553,0.0059647810632004,0.1371858769147663
91.0,S29,S29_1,S29_2,S,10.0,adaptive_bb_proxy,0.0079069193452596,4.52686657384038,4.534773493185639,3.1542032957077026e-05,555.0,0.0,18.0,19.0,0.0504346384961893,0.0,1.0,1.0,1.0,1.0,0.0,0.132576122879982,0.05,1.65,256.0,fixed,2.50283503354738,2.159345492485977,2.020290630277663,3.1756640173263864,0.0059644056275837,0.1372401842143878
92.0,S30,S30_1,S30_2,S,10.0,manual_external,0.0075370781123638,4.235465964302421,4.243003042414784,3.6032870411872864e-05,421.0,0.0,22.0,22.0,0.0503314574074593,0.0,0.1,1.0,0.1,1.0,0.0,0.1664496958255767,0.05,1.65,256.0,fixed,3.582817880063862,2.2527629705850982,2.6840312418730554,4.712526958332507,0.0062224373941666,0.3712315149704693
92.0,S30,S30_1,S30_2,S,10.0,predict_pair_full,0.0057740621268749,3.669021924957633,3.674795987084508,0.0344840120524168,234.0,0.0,22.0,22.0,0.0503325403876661,0.0,0.0881693907948324,1.5253793921223289,0.0881693907948324,1.5253793921223289,0.0,0.1664496958255767,0.05,1.65,256.0,pair_full,3.582817880063862,2.252635612773023,2.683943322128014,4.712527035473402,0.0062220856145864,0.3712670617987866
92.0,S30,S30_1,S30_2,S,10.0,fixed_1_18,0.0083114579319953,17.95232091844082,17.960632376372814,4.2809173464775085e-05,1609.0,0.0,22.0,22.0,0.0503219547961645,0.0,1.0,1.8,1.0,1.8,0.0,0.1664496958255767,0.05,1.65,256.0,fixed,3.582817880063862,2.253238786823289,2.684357595668993,4.712576677301486,0.0062237516632628,0.3710987099398709
92.0,S30,S30_1,S30_2,S,10.0,residual_balance,0.0080545619130134,15.465215798467398,15.473270360380411,4.384852945804596e-05,1488.0,0.0,22.0,22.0,0.0503066946459686,0.0,1.0,1.0,1.0,1.0,0.0,0.1664496958255767,0.05,1.65,256.0,fixed,3.582817880063862,2.2538194583619227,2.684766730508444,4.712604851527008,0.0062253555569449,0.3709366387551018
92.0,S30,S30_1,S30_2,S,10.0,adaptive_bb_proxy,0.0070210713893175,5.159990593791008,5.1670116651803255,3.1536445021629333e-05,601.0,0.0,22.0,22.0,0.0503501526926546,0.0,1.0,1.0,1.0,1.0,0.0,0.1664496958255767,0.05,1.65,256.0,fixed,3.582817880063862,2.2525337575292843,2.68386735645831,4.712500875568642,0.0062218042765647,0.3712954906073805
93.0,S31,S31_1,S31_2,S,10.0,manual_external,0.0054041910916566,4.026604624465108,4.032008815556765,3.106892108917236e-05,439.0,0.0,22.0,23.0,0.0506547816173623,0.0,0.1,1.0,0.1,1.0,0.0,0.1571418046951294,0.05,1.65,256.0,fixed,3.1489827768230083,2.1397324780504894,2.7389232150045504,4.905356528397591,0.0059102318170101,0.3205004188023618
93.0,S31,S31_1,S31_2,S,10.0,predict_pair_full,0.0076753012835979,3.4983472861349583,3.506022587418556,0.0370898805558681,245.0,0.0,22.0,23.0,0.0506575107316304,0.0,0.0858953071236626,1.5169345520652016,0.0858953071236626,1.5169345520652016,0.0,0.1571418046951294,0.05,1.65,256.0,pair_full,3.1489827768230083,2.1397631929450203,2.7389090216064047,4.905425186064311,0.0059103166557218,0.3204906648923827
93.0,S31,S31_1,S31_2,S,10.0,fixed_1_18,0.0167711358517408,20.3436575550586,20.36042869091034,4.046596586704254e-05,1674.0,0.0,22.0,23.0,0.0506600655536517,0.0,1.0,1.8,1.0,1.8,0.0,0.1571418046951294,0.05,1.65,256.0,fixed,3.1489827768230083,2.139675687918918,2.738967843211232,4.905136561869613,0.005910074954951,0.3205184532393836
93.0,S31,S31_1,S31_2,S,10.0,residual_balance,0.0060849525034427,16.55974544212222,16.565830394625664,4.109926521778107e-05,1550.0,0.0,22.0,23.0,0.0506480319555992,0.0,1.0,1.0,1.0,1.0,0.0,0.1571418046951294,0.05,1.65,256.0,fixed,3.1489827768230083,2.139586780881218,2.739027467602648,4.904851060593153,0.0059098293816336,0.3205466868132076
93.0,S31,S31_1,S31_2,S,10.0,adaptive_bb_proxy,0.0056141503155231,5.583104178309441,5.588718328624964,3.286823630332947e-05,649.0,0.0,23.0,23.0,0.0500024248918061,0.0,1.0,1.0,1.0,1.0,0.0,0.1571418046951294,0.05,1.65,256.0,fixed,3.1489827768230083,2.139600629698121,2.7386843667335,4.90557074321022,0.0059098676339474,0.3205422889432019
94.0,S32,S32_1,S32_2,S,10.0,manual_external,0.0052032265812158,7.214124808087945,7.219328034669161,4.039891064167023e-05,448.0,0.0,23.0,23.0,0.0510006366150514,0.0,0.1,1.0,0.1,1.0,0.0,0.2130056619644165,0.05,1.65,256.0,fixed,3.071542715169534,3.1747340148898644,3.498994646755075,5.672353994673452,0.0087690466812195,-0.0335959188227019
94.0,S32,S32_1,S32_2,S,10.0,predict_pair_full,0.0243119783699512,4.971937268972397,4.996249247342348,0.0725370850414037,261.0,0.0,23.0,23.0,0.0509944322664473,0.0,0.0984516429360015,1.5618873095497,0.0984516429360015,1.5618873095497,0.0,0.2130056619644165,0.05,1.65,256.0,pair_full,3.071542715169534,3.174769393917577,3.499031126902326,5.6724942001789005,0.0087691444029008,-0.0336074371478543
94.0,S32,S32_1,S32_2,S,10.0,fixed_1_18,0.0069886017590761,24.687431974336505,24.69442057609558,4.563480615615845e-05,1745.0,0.0,23.0,23.0,0.0510104003443777,0.0,1.0,1.8,1.0,1.8,0.0,0.2130056619644165,0.05,1.65,256.0,fixed,3.071542715169534,3.1746007835977834,3.498866942345797,5.671905786703813,0.0087686786782895,-0.0335525428047083
94.0,S32,S32_1,S32_2,S,10.0,residual_balance,0.0241651590913534,19.1379032060504,19.16206836514175,4.319474101066589e-05,1614.0,0.0,23.0,23.0,0.051037545292556,0.0,1.0,1.0,1.0,1.0,0.0,0.2130056619644165,0.05,1.65,256.0,fixed,3.071542715169534,3.174442240089042,3.498702358279092,5.671263881841575,0.008768240759578,-0.0335009259061516
94.0,S32,S32_1,S32_2,S,10.0,adaptive_bb_proxy,0.0054764542728662,11.607907196506858,11.613383650779724,4.805438220500946e-05,689.0,0.0,23.0,23.0,0.0509912073502515,0.0,1.0,1.0,1.0,1.0,0.0,0.2130056619644165,0.05,1.65,256.0,fixed,3.071542715169534,3.174802504549879,3.4990668139132453,5.672619767246674,0.0087692358589658,-0.0336182169531091
95.0,S33,S33_1,S33_2,S,10.0,manual_external,0.0083583928644657,8.739291455596685,8.747649848461151,3.9950013160705566e-05,418.0,0.0,24.0,24.0,0.5997011482267223,0.0,0.1,1.0,0.1,1.0,0.0,0.132576122879982,0.05,1.65,256.0,fixed,1.4051377020767162,0.7599928287845297,0.8112411060665451,1.3795494100917796,0.0020992034487761,0.4591328467944734
95.0,S33,S33_1,S33_2,S,10.0,predict_pair_full,0.0086573828011751,5.2478945683687925,5.256551951169968,0.0678474549204111,232.0,0.0,24.0,24.0,0.5996933439607179,0.0,0.0794535797340504,1.4922061315682025,0.0794535797340504,1.4922061315682025,0.0,0.132576122879982,0.05,1.65,256.0,pair_full,1.4051377020767162,0.7598153051922341,0.8111501554587768,1.37946001435956,0.0020987131044951,0.4592591857234148
95.0,S33,S33_1,S33_2,S,10.0,fixed_1_18,0.0084728561341762,20.855126136913896,20.863598993048072,4.380941390991211e-05,1572.0,0.0,24.0,24.0,0.5997323585756693,0.0,1.0,1.8,1.0,1.8,0.0,0.132576122879982,0.05,1.65,256.0,fixed,1.4051377020767162,0.7605439620543382,0.8115270027417146,1.3798464617397397,0.0021007257537465,0.4587406195636522
95.0,S33,S33_1,S33_2,S,10.0,residual_balance,0.0078247692435979,21.68663177266717,21.694456541910768,4.612281918525696e-05,1448.0,0.0,24.0,24.0,0.5997750349560559,0.0,1.0,1.0,1.0,1.0,0.0,0.132576122879982,0.05,1.65,256.0,fixed,1.4051377020767162,0.7612286129653222,0.8118683421973418,1.38018317565629,0.002102616852582,0.4582533712961182
95.0,S33,S33_1,S33_2,S,10.0,adaptive_bb_proxy,0.0082275513559579,9.722994174808264,9.731221726164222,4.441104829311371e-05,727.0,0.0,24.0,24.0,0.5997143675400689,0.0,1.0,1.0,1.0,1.0,0.0,0.132576122879982,0.05,1.65,256.0,fixed,1.4051377020767162,0.7597405883526082,0.8111108841377573,1.3794191703945045,0.0020985067264327,0.4593123597571877
96.0,S34,S34_1,S34_2,S,10.0,manual_external,0.0070924200117588,7.748617684468627,7.755710104480386,4.076212644577026e-05,480.0,0.0,24.0,24.0,0.1932750760120708,0.0,0.1,1.0,0.1,1.0,0.0,0.1664496958255767,0.05,1.65,256.0,fixed,3.028744988344944,1.681309788111283,2.028265145300188,3.370297434781823,0.0046440060642531,0.4448823540507188
96.0,S34,S34_1,S34_2,S,10.0,predict_pair_full,0.0074111688882112,3.826136795803905,3.833547964692116,0.0415591262280941,256.0,0.0,24.0,24.0,0.1932691932072018,0.0,0.0881693907948324,1.5253793921223289,0.0881693907948324,1.5253793921223289,0.0,0.1664496958255767,0.05,1.65,256.0,pair_full,3.028744988344944,1.6812620342091469,2.0282350023813995,3.370263298750953,0.0046438741614874,0.4448981209450331
96.0,S34,S34_1,S34_2,S,10.0,fixed_1_18,0.0077725108712911,31.263077910989523,31.27085042186081,6.202235817909241e-05,1880.0,0.0,24.0,24.0,0.1932740765470558,0.0,1.0,1.8,1.0,1.8,0.0,0.1664496958255767,0.05,1.65,256.0,fixed,3.028744988344944,1.6816131089148088,2.0284085252081905,3.370527444326265,0.0046448438775228,0.4447822066944069
96.0,S34,S34_1,S34_2,S,10.0,residual_balance,0.0071997456252574,23.477163549512625,23.48436329513788,4.291161894798279e-05,1739.0,0.0,24.0,24.0,0.1932818205053924,0.0,1.0,1.0,1.0,1.0,0.0,0.1664496958255767,0.05,1.65,256.0,fixed,3.028744988344944,1.682023191861318,2.02860868154441,3.3708293640077454,0.0046459765823366,0.4446468097071772
96.0,S34,S34_1,S34_2,S,10.0,adaptive_bb_proxy,0.0068825725466012,10.917680162936447,10.92456273548305,4.272162914276123e-05,754.0,0.0,24.0,24.0,0.1932719749177452,0.0,1.0,1.0,1.0,1.0,0.0,0.1664496958255767,0.05,1.65,256.0,fixed,3.028744988344944,1.681143173785243,2.0281825521575256,3.37017523243729,0.0046435458528477,0.4449373650624353
97.0,S35,S35_1,S35_2,S,10.0,manual_external,0.0079432409256696,13.982521902769804,13.990465143695474,6.950646638870239e-05,438.0,0.0,23.0,24.0,0.0501107449990089,0.0,0.1,1.0,0.1,1.0,0.0,0.1571418046951294,0.05,1.65,256.0,fixed,2.3405623865214515,1.2913575086723716,1.7771790691275178,3.566537646513072,0.0035669048879624,0.4482704173542505
97.0,S35,S35_1,S35_2,S,10.0,predict_pair_full,0.0078728608787059,5.782304087653756,5.790176948532462,0.1124190837144851,244.0,0.0,23.0,24.0,0.0500608019032076,0.0,0.0858953071236626,1.5169345520652016,0.0858953071236626,1.5169345520652016,0.0,0.1571418046951294,0.05,1.65,256.0,pair_full,2.3405623865214515,1.2912678159960684,1.777104645059259,3.5665147795052787,0.0035666571446045,0.44830873834788
97.0,S35,S35_1,S35_2,S,10.0,fixed_1_18,0.0053725820034742,28.81987842731177,28.82525100931525,3.874301910400391e-05,1668.0,0.0,23.0,24.0,0.0502612092716618,0.0,1.0,1.8,1.0,1.8,0.0,0.1571418046951294,0.05,1.65,256.0,fixed,2.3405623865214515,1.2916565510215112,1.77743335614582,3.566621663247688,0.0035677308835599,0.4481426521851349
97.0,S35,S35_1,S35_2,S,10.0,residual_balance,0.0086186286062002,20.75698449276388,20.76560312137008,4.270672798156738e-05,1537.0,0.0,23.0,24.0,0.0504912673128004,0.0,1.0,1.0,1.0,1.0,0.0,0.1571418046951294,0.05,1.65,256.0,fixed,2.3405623865214515,1.2920476729882369,1.777757758242462,3.5667168828149385,0.0035688112155714,0.4479755462071111
97.0,S35,S35_1,S35_2,S,10.0,adaptive_bb_proxy,0.0072351023554801,13.12244502454996,13.12968012690544,4.030577838420868e-05,738.0,0.0,23.0,24.0,0.0500337215144073,0.0,1.0,1.0,1.0,1.0,0.0,0.1571418046951294,0.05,1.65,256.0,fixed,2.3405623865214515,1.2912085280157386,1.7770551225167257,3.566498063434308,0.0035664933831477,0.448334069003739
98.0,S36,S36_1,S36_2,S,10.0,manual_external,0.0085329394787549,5.457494350150228,5.466027289628983,4.3705105781555176e-05,420.0,0.0,24.0,24.0,0.6035206821788482,0.0,0.1,1.0,0.1,1.0,0.0,0.2130056619644165,0.05,1.65,256.0,fixed,2.2835134106838573,1.673464584972487,1.805341715068296,3.2592800613635577,0.004622336547303,0.2671535988612427
98.0,S36,S36_1,S36_2,S,10.0,predict_pair_full,0.0078663304448127,3.824208403006196,3.832074733451009,0.0438425336033105,260.0,0.0,24.0,24.0,0.6035098960305932,0.0,0.0984516429360015,1.5618873095497,0.0984516429360015,1.5618873095497,0.0,0.2130056619644165,0.05,1.65,256.0,pair_full,2.2835134106838573,1.6733296248344869,1.805287088757676,3.2593556984442045,0.0046219637690656,0.2672127008298883
98.0,S36,S36_1,S36_2,S,10.0,fixed_1_18,0.0087997447699308,18.36605362407863,18.37485336884856,4.016794264316559e-05,1570.0,0.0,24.0,24.0,0.6035720789647387,0.0,1.0,1.8,1.0,1.8,0.0,0.2130056619644165,0.05,1.65,256.0,fixed,2.2835134106838573,1.6739057297322604,1.805534286563058,3.259048876647888,0.0046235550490652,0.266960412012543
98.0,S36,S36_1,S36_2,S,10.0,residual_balance,0.0100798066705465,24.60910042002797,24.61918022669852,5.264580249786377e-05,1452.0,0.0,24.0,24.0,0.6036289581768371,0.0,1.0,1.0,1.0,1.0,0.0,0.2130056619644165,0.05,1.65,256.0,fixed,2.2835134106838573,1.6744553351751024,1.8057691867690409,3.2587833403283133,0.0046250731339699,0.2667197278806827
98.0,S36,S36_1,S36_2,S,10.0,adaptive_bb_proxy,0.0073935650289058,18.79242891818285,18.79982248321176,4.546530544757843e-05,708.0,0.0,24.0,24.0,0.6035079612892241,0.0,1.0,1.0,1.0,1.0,0.0,0.2130056619644165,0.05,1.65,256.0,fixed,2.2835134106838573,1.673258753159229,1.8052553479033928,3.259382072732346,0.0046217680118696,0.2672437370720781
99.0,S37,S37_1,S37_2,S,10.0,manual_external,0.0072702374309301,4.746556034311652,4.753826271742582,3.606639802455902e-05,480.0,0.0,24.0,24.0,0.053474700702268,0.0,0.1,1.0,0.1,1.0,0.0,0.1664496958255767,0.05,1.65,256.0,fixed,2.6968554224072605,1.169643035422141,1.577172556374437,3.4257102019748977,0.0032307129762289,0.5662937561637386
99.0,S37,S37_1,S37_2,S,10.0,predict_pair_full,0.0079587250947952,3.084335906431079,3.092294631525874,0.0381112303584814,256.0,0.0,24.0,24.0,0.0534555383132663,0.0,0.0881693907948324,1.5253793921223289,0.0881693907948324,1.5253793921223289,0.0,0.1664496958255767,0.05,1.65,256.0,pair_full,2.6968554224072605,1.169612294489876,1.5771522329147878,3.425709075556515,0.0032306280655974,0.5663051549699221
99.0,S37,S37_1,S37_2,S,10.0,fixed_1_18,0.0058587491512298,21.21827957779169,21.22413832694292,7.523968815803528e-05,1880.0,0.0,24.0,24.0,0.0535988575225635,0.0,1.0,1.8,1.0,1.8,0.0,0.1664496958255767,0.05,1.65,256.0,fixed,2.6968554224072605,1.1698370740423143,1.5772788470468575,3.42571219355368,0.0032312489372607,0.5662218062110043
99.0,S37,S37_1,S37_2,S,10.0,residual_balance,0.0086868796497583,22.87698926962912,22.88567614927888,4.190579056739807e-05,1764.0,0.0,24.0,24.0,0.0537684290861434,0.0,1.0,1.0,1.0,1.0,0.0,0.1664496958255767,0.05,1.65,256.0,fixed,2.6968554224072605,1.1701101047499811,1.577428763875346,3.4256882208239268,0.0032320030851703,0.5661205658162103
99.0,S37,S37_1,S37_2,S,10.0,adaptive_bb_proxy,0.0080951191484928,8.928563464432955,8.936658583581448,4.216283559799194e-05,745.0,0.0,24.0,24.0,0.0534081548632709,0.0,1.0,1.0,1.0,1.0,0.0,0.1664496958255767,0.05,1.65,256.0,fixed,2.6968554224072605,1.1695356954247866,1.5771125763230551,3.425712246598428,0.0032304164885726,0.5663335580739419
100.0,S38,S38_1,S38_2,S,10.0,manual_external,0.0079895574599504,7.795045210048556,7.803034767508507,5.389004945755005e-05,432.0,0.0,24.0,24.0,0.4419998436426295,0.0,0.1,1.0,0.1,1.0,0.0,0.1571418046951294,0.05,1.65,256.0,fixed,1.8909778944214288,1.1744278222591484,1.538720198789277,3.11840201535142,0.003243929207553,0.3789309617403751
100.0,S38,S38_1,S38_2,S,10.0,predict_pair_full,0.0081113558262586,7.553840979933739,7.561952335759997,0.1404403485357761,240.0,0.0,24.0,24.0,0.4420019607668034,0.0,0.0858953071236626,1.5169345520652016,0.0858953071236626,1.5169345520652016,0.0,0.1571418046951294,0.05,1.65,256.0,pair_full,1.8909778944214288,1.174444664807751,1.5386904998956628,3.11834041095076,0.0032439757289606,0.3789220549474125
100.0,S38,S38_1,S38_2,S,10.0,fixed_1_18,0.0326810162514448,25.30667551420629,25.33935653045773,4.295073449611664e-05,1632.0,0.0,24.0,24.0,0.4419863156660322,0.0,1.0,1.8,1.0,1.8,0.0,0.1571418046951294,0.05,1.65,256.0,fixed,1.8909778944214288,1.174403268412588,1.5388362839772758,3.118636556319462,0.0032438613864929,0.378943946475222
100.0,S38,S38_1,S38_2,S,10.0,residual_balance,0.0047330930829048,10.95460544154048,10.959338534623384,3.1400471925735474e-05,1507.0,0.0,24.0,24.0,0.441985499965897,0.0,1.0,1.0,1.0,1.0,0.0,0.1571418046951294,0.05,1.65,256.0,fixed,1.8909778944214288,1.1743439323353055,1.5389723726242572,3.1189066329621764,0.0032436974921858,0.3789753249897236
100.0,S38,S38_1,S38_2,S,10.0,adaptive_bb_proxy,0.0050428993999958,7.718767343088984,7.72381024248898,4.0004029870033264e-05,724.0,0.0,24.0,24.0,0.4420047732946126,0.0,1.0,1.0,1.0,1.0,0.0,0.1571418046951294,0.05,1.65,256.0,fixed,1.8909778944214288,1.1744521608662304,1.5386706511780026,3.118293064090036,0.0032439964340925,0.3789180908299568
101.0,S39,S39_1,S39_2,S,10.0,manual_external,0.0090311150997877,7.876733576878905,7.885764691978693,4.121102392673493e-05,420.0,0.0,24.0,24.0,0.5139914822718525,0.0,0.1,1.0,0.1,1.0,0.0,0.2130056619644165,0.05,1.65,256.0,fixed,3.47312709334234,2.862971861996556,2.8490845151211674,4.138878079957633,0.007907917257672,0.1756789241937674
101.0,S39,S39_1,S39_2,S,10.0,predict_pair_full,0.0095565523952245,6.510689890012145,6.52024644240737,0.0834604687988758,264.0,0.0,24.0,24.0,0.5138821900949022,0.0,0.0984516429360015,1.5618873095497,0.0984516429360015,1.5618873095497,0.0,0.2130056619644165,0.05,1.65,256.0,pair_full,3.47312709334234,2.86271862409987,2.84893664809591,4.138800379299791,0.0079072177801954,0.1757518377065412
101.0,S39,S39_1,S39_2,S,10.0,fixed_1_18,0.0099241770803928,18.49396471492946,18.50388889200985,4.051625728607178e-05,1586.0,0.0,24.0,24.0,0.5142428086334913,0.0,1.0,1.8,1.0,1.8,0.0,0.2130056619644165,0.05,1.65,256.0,fixed,3.47312709334234,2.863641006240447,2.849499121911224,4.139111159523761,0.0079097655249862,0.1754862608601468
101.0,S39,S39_1,S39_2,S,10.0,residual_balance,0.0072504505515098,13.127848090603948,13.135098541155456,3.804080188274384e-05,1465.0,0.0,24.0,24.0,0.514618197622021,0.0,1.0,1.0,1.0,1.0,0.0,0.2130056619644165,0.05,1.65,256.0,fixed,3.47312709334234,2.8645282319406906,2.8500208139775984,4.139370804041829,0.0079122161629123,0.1752308064306375
101.0,S39,S39_1,S39_2,S,10.0,adaptive_bb_proxy,0.0073195174336433,7.667144564911723,7.6744640823453665,3.460980951786041e-05,709.0,0.0,24.0,24.0,0.5138467094105168,0.0,1.0,1.0,1.0,1.0,0.0,0.2130056619644165,0.05,1.65,256.0,fixed,3.47312709334234,2.862623371125929,2.848877309260108,4.1387691145764665,0.0079069546785399,0.1757792634158173
102.0,S40,S40_1,S40_2,S,10.0,manual_external,0.0099213141947984,6.53668955899775,6.546610873192549,4.74732369184494e-05,460.0,0.0,24.0,24.0,0.3084405865370047,0.0,0.1,1.0,0.1,1.0,0.0,0.1571418046951294,0.05,1.65,256.0,fixed,1.2953508623017875,1.1357011091988842,1.3514553009809198,2.881935121995161,0.0031369607645141,0.1232482702177607
102.0,S40,S40_1,S40_2,S,10.0,predict_pair_full,0.0246482733637094,4.721836984157562,4.746485257521272,0.0610510893166065,248.0,0.0,24.0,24.0,0.3084070159144276,0.0,0.0858953071236626,1.5169345520652016,0.0858953071236626,1.5169345520652016,0.0,0.1571418046951294,0.05,1.65,256.0,pair_full,1.2953508623017875,1.1356885496780942,1.3514958143896512,2.8822088583826044,0.0031369260734113,0.1232579660624585
102.0,S40,S40_1,S40_2,S,10.0,fixed_1_18,0.0080934911966323,39.82110933959484,39.82920283079147,4.490278661251068e-05,1794.0,0.0,24.0,24.0,0.3085257350294847,0.0,1.0,1.8,1.0,1.8,0.0,0.1571418046951294,0.05,1.65,256.0,fixed,1.2953508623017875,1.1357566197859963,1.3513444405597117,2.881117712319569,0.0031371140922976,0.1232054165101457
102.0,S40,S40_1,S40_2,S,10.0,residual_balance,0.0245621055364608,22.78831093944609,22.81287304498256,4.3705105781555176e-05,1658.0,0.0,24.0,24.0,0.3086651173216557,0.0,1.0,1.0,1.0,1.0,0.0,0.1571418046951294,0.05,1.65,256.0,fixed,1.2953508623017875,1.135832861966418,1.3511882019439914,2.8799766317442863,0.0031373246835585,0.1231465581863968
102.0,S40,S40_1,S40_2,S,10.0,adaptive_bb_proxy,0.0061451215296983,6.37480958737433,6.380954708904028,3.57944518327713e-05,724.0,0.0,24.0,24.0,0.3083813122081293,0.0,1.0,1.0,1.0,1.0,0.0,0.1571418046951294,0.05,1.65,256.0,fixed,1.2953508623017875,1.1356744215393826,1.3515265893831407,2.882434182863048,0.0031368870495726,0.1232688728670339
103.0,S41,S41_1,S41_2,S,10.0,manual_external,0.0057190079241991,3.1195546947419643,3.1252737026661634,2.9403716325759888e-05,423.0,0.0,20.0,21.0,0.0513136405897789,0.0,0.1,1.0,0.1,1.0,0.0,0.2130056619644165,0.05,1.65,256.0,fixed,4.615287629423674,4.62750221117248,5.057064851465183,7.180457459438632,0.0127817898182648,-0.0026465483255977
103.0,S41,S41_1,S41_2,S,10.0,predict_pair_full,0.0061975959688425,1.9714302718639367,1.97762786783278,0.0283167921006679,238.0,0.0,20.0,21.0,0.0513244306817226,0.0,0.0984516429360015,1.5618873095497,0.0984516429360015,1.5618873095497,0.0,0.2130056619644165,0.05,1.65,256.0,pair_full,4.615287629423674,4.627437425894028,5.057070067133113,7.180543660483825,0.0127816108725237,-0.0026325112202958
103.0,S41,S41_1,S41_2,S,10.0,fixed_1_18,0.006124097853899,11.259744096547363,11.265868194401264,3.0096620321273804e-05,1691.0,0.0,20.0,21.0,0.0512982070862691,0.0,1.0,1.8,1.0,1.8,0.0,0.2130056619644165,0.05,1.65,256.0,fixed,4.615287629423674,4.627780115557052,5.057042052036217,7.180018064325903,0.0127825574279322,-0.0027067622075667
103.0,S41,S41_1,S41_2,S,10.0,residual_balance,0.0060497019439935,17.32767304033041,17.333722742274404,6.851926445960999e-05,1565.0,0.0,20.0,21.0,0.0512512426409246,0.0,1.0,1.0,1.0,1.0,0.0,0.2130056619644165,0.05,1.65,256.0,fixed,4.615287629423674,4.628217549264884,5.057003894700744,7.17935888540908,0.0127837656792647,-0.0028015415025868
103.0,S41,S41_1,S41_2,S,10.0,adaptive_bb_proxy,0.007856884971261,9.575648939237,9.58350582420826,3.172643482685089e-05,681.0,0.0,20.0,21.0,0.0513335974311618,0.0,1.0,1.0,1.0,1.0,0.0,0.2130056619644165,0.05,1.65,256.0,fixed,4.615287629423674,4.627297754644107,5.057082608780731,7.180772757002541,0.0127812250815552,-0.0026022484802163
104.0,S42,S42_1,S42_2,S,10.0,manual_external,0.0238137543201446,9.363217936828732,9.387031691148875,5.620718002319336e-05,440.0,0.0,24.0,24.0,0.4885654830965023,0.0,0.1,1.0,0.1,1.0,0.0,0.2130056619644165,0.05,1.65,256.0,fixed,3.792190996224025,3.2523638066683143,3.566699888226718,4.792952491219754,0.0089834707132064,0.1423523208862864
104.0,S42,S42_1,S42_2,S,10.0,predict_pair_full,0.023955687880516,5.950114561244845,5.974070249125361,0.0370338521897792,264.0,0.0,24.0,24.0,0.4885120381937761,0.0,0.0984516429360015,1.5618873095497,0.0984516429360015,1.5618873095497,0.0,0.2130056619644165,0.05,1.65,256.0,pair_full,3.792190996224025,3.252224419075972,3.5666388539540854,4.793023514228273,0.0089830857057386,0.1423890773662427
104.0,S42,S42_1,S42_2,S,10.0,fixed_1_18,0.0077772997319698,22.24541020207107,22.25318750180304,4.1721388697624207e-05,1680.0,0.0,24.0,24.0,0.488708905930644,0.0,1.0,1.8,1.0,1.8,0.0,0.2130056619644165,0.05,1.65,256.0,fixed,3.792190996224025,3.2528650497937805,3.5669164492521204,4.792737836305058,0.0089848552148199,0.14222014317531
104.0,S42,S42_1,S42_2,S,10.0,residual_balance,0.0059188026934862,13.191668651998045,13.19758745469153,3.5936012864112854e-05,1552.0,0.0,24.0,24.0,0.4889283555069696,0.0,1.0,1.0,1.0,1.0,0.0,0.2130056619644165,0.05,1.65,256.0,fixed,3.792190996224025,3.2535054859839265,3.567192796562616,4.792406496148455,0.0089866241865893,0.142051260281283
104.0,S42,S42_1,S42_2,S,10.0,adaptive_bb_proxy,0.0059675928205251,6.812748655676842,6.818716248497367,3.306940197944641e-05,749.0,0.0,24.0,24.0,0.4884782582322604,0.0,1.0,1.0,1.0,1.0,0.0,0.2130056619644165,0.05,1.65,256.0,fixed,3.792190996224025,3.2521081704827264,3.566589800553925,4.793068587343693,0.0089827646113301,0.1424197320968089
105.0,S43,S43_1,S43_2,S,10.0,manual_external,0.0056999418884515,3.952146902680397,3.9578468445688486,3.258325159549713e-05,439.0,0.0,24.0,24.0,0.1444884344215769,0.0,0.1,1.0,0.1,1.0,0.0,0.1960041522979736,0.05,1.65,256.0,fixed,2.721381898133839,2.3021482584048703,2.8090364722470085,5.307320937646821,0.0063588462688081,0.1540517484948731
105.0,S43,S43_1,S43_2,S,10.0,predict_pair_full,0.0057525355368852,5.6128192488104105,5.618571784347296,0.0276025217026472,264.0,0.0,24.0,24.0,0.1445007097263875,0.0,0.094886830903507,1.549526357966967,0.094886830903507,1.549526357966967,0.0,0.1960041522979736,0.05,1.65,256.0,pair_full,2.721381898133839,2.301904477011244,2.808964575081234,5.307384261074539,0.0063581729114778,0.1541413284960459
105.0,S43,S43_1,S43_2,S,10.0,fixed_1_18,0.0075118951499462,38.413169691339135,38.42068158648908,4.5064836740493774e-05,1631.0,0.0,24.0,24.0,0.144500204632511,0.0,1.0,1.8,1.0,1.8,0.0,0.1960041522979736,0.05,1.65,256.0,fixed,2.721381898133839,2.302983821044979,2.8092826208243715,5.307122475286109,0.006361154206343,0.153744712337735
105.0,S43,S43_1,S43_2,S,10.0,residual_balance,0.0237265452742576,27.016025960445404,27.03975250571966,4.469044506549835e-05,1546.0,0.0,24.0,24.0,0.1445047586158325,0.0,1.0,1.0,1.0,1.0,0.0,0.1960041522979736,0.05,1.65,256.0,fixed,2.721381898133839,2.3039310180976686,2.8095514155670887,5.306867412312187,0.0063637704932925,0.1533966549580122
105.0,S43,S43_1,S43_2,S,10.0,adaptive_bb_proxy,0.0059263706207275,5.969263466075063,5.97518983669579,3.332272171974182e-05,638.0,0.0,24.0,24.0,0.1445161056980853,0.0,1.0,1.0,1.0,1.0,0.0,0.1960041522979736,0.05,1.65,256.0,fixed,2.721381898133839,2.301793907360831,2.808930480550863,5.307407278747184,0.0063578675030809,0.1541819584607299
106.0,S44,S44_1,S44_2,S,10.0,manual_external,0.0055140499025583,4.092374937608838,4.097888987511396,3.4304335713386536e-05,444.0,0.0,24.0,24.0,0.050993061797094,0.0,0.1,1.0,0.1,1.0,0.0,0.1901635229587555,0.05,1.65,256.0,fixed,3.576302072141585,3.3174994314854214,3.359222999161832,5.848934543426957,0.0091633841585385,0.0723659901866493
106.0,S44,S44_1,S44_2,S,10.0,predict_pair_full,0.0056149065494537,2.5648946333676577,2.5705095399171114,0.0263417679816484,264.0,0.0,24.0,24.0,0.0510100346897007,0.0,0.093614738772922,1.5450414600551663,0.093614738772922,1.5450414600551663,0.0,0.1901635229587555,0.05,1.65,256.0,pair_full,3.576302072141585,3.317433988396336,3.359175605551729,5.84899594421018,0.009163203395835,0.0723842892810114
106.0,S44,S44_1,S44_2,S,10.0,fixed_1_18,0.0052509997040033,13.63958964496851,13.644840644672511,3.161095082759857e-05,1662.0,0.0,24.0,24.0,0.0509884916183685,0.0,1.0,1.8,1.0,1.8,0.0,0.1901635229587555,0.05,1.65,256.0,fixed,3.576302072141585,3.317730685482524,3.359388742773196,5.84872972735957,0.0091640229134976,0.0723013273051482
106.0,S44,S44_1,S44_2,S,10.0,residual_balance,0.0396520793437957,51.610252724960446,51.64990480430424,5.166977643966675e-05,1561.0,0.0,24.0,24.0,0.0509708074229932,0.0,1.0,1.0,1.0,1.0,0.0,0.1901635229587555,0.05,1.65,256.0,fixed,3.576302072141585,3.317980944759733,3.359570739335544,5.848452185066209,0.0091647141636224,0.0722313501969061
106.0,S44,S44_1,S44_2,S,10.0,adaptive_bb_proxy,0.0074555184692144,27.19732523150742,27.204780749976635,4.35858964920044e-05,648.0,0.0,24.0,24.0,0.0510155570928914,0.0,1.0,1.0,1.0,1.0,0.0,0.1901635229587555,0.05,1.65,256.0,fixed,3.576302072141585,3.317398878451852,3.3591512391751257,5.849020624213427,0.0091631064173982,0.0723941066688538
107.0,S45,S45_1,S45_2,S,10.0,manual_external,0.0074918419122695,5.435134274885058,5.442626116797328,4.2010098695755005e-05,409.0,0.0,24.0,24.0,0.7218110667384823,0.0,0.1,1.0,0.1,1.0,0.0,0.1901635229587555,0.05,1.65,256.0,fixed,1.5794261362251256,1.1717673772450246,1.1842013943757057,1.6537466802172172,0.0032365806969653,0.258105618003232
107.0,S45,S45_1,S45_2,S,10.0,predict_pair_full,0.0073600187897682,3.233136471360922,3.24049649015069,0.0381967835128307,240.0,0.0,24.0,24.0,0.7218385877109901,0.0,0.093614738772922,1.5450414600551663,0.093614738772922,1.5450414600551663,0.0,0.1901635229587555,0.05,1.65,256.0,pair_full,1.5794261362251256,1.1716823612762035,1.1840925401076865,1.653684212141811,0.0032363458713088,0.2581594451287119
107.0,S45,S45_1,S45_2,S,10.0,fixed_1_18,0.007313959300518,16.578581051900983,16.5858950112015,4.149414598941803e-05,1531.0,0.0,24.0,24.0,0.7217119167875969,0.0,1.0,1.8,1.0,1.8,0.0,0.1901635229587555,0.05,1.65,256.0,fixed,1.5794261362251256,1.1720849835097302,1.1845960657555072,1.6539971042103572,0.0032374579686197,0.2579045283432467
107.0,S45,S45_1,S45_2,S,10.0,residual_balance,0.0054154749959707,16.265338657423854,16.270754132419825,3.953464329242706e-05,1407.0,0.0,24.0,24.0,0.7215743521774622,0.0,1.0,1.0,1.0,1.0,0.0,0.1901635229587555,0.05,1.65,256.0,fixed,1.5794261362251256,1.1724753481198706,1.1850996205562514,1.6542829811775288,0.0032385362087094,0.2576573723660301
107.0,S45,S45_1,S45_2,S,10.0,adaptive_bb_proxy,0.0074881594628095,17.799755359068513,17.807243518531322,5.825795233249664e-05,698.0,0.0,24.0,24.0,0.7218650248561653,0.0,1.0,1.0,1.0,1.0,0.0,0.1901635229587555,0.05,1.65,256.0,fixed,1.5794261362251256,1.171618074268976,1.1840154376969678,1.6536340008482575,0.0032361683018606,0.2582001478914137
108.0,S46,S46_1,S46_2,S,10.0,manual_external,0.0237773787230253,8.006474692374468,8.030252071097493,4.01567667722702e-05,433.0,0.0,22.0,22.0,0.0515206050474882,0.0,0.1,1.0,0.1,1.0,0.0,0.2428080141544342,0.05,1.65,256.0,fixed,6.739700256926708,6.85003847646162,6.250393860221648,8.771259754535127,0.0189207369456827,-0.016371383789731
108.0,S46,S46_1,S46_2,S,10.0,predict_pair_full,0.0079878531396389,5.098047997802496,5.106035850942135,0.0887080673128366,265.0,0.0,22.0,22.0,0.0515336251670444,0.0,0.1042601719017455,1.581408737723978,0.1042601719017455,1.581408737723978,0.0,0.2428080141544342,0.05,1.65,256.0,pair_full,6.739700256926708,6.850060362801052,6.250382982826626,8.771351354406375,0.0189207973987258,-0.0163746311655188
108.0,S46,S46_1,S46_2,S,10.0,fixed_1_18,0.0080426465719938,17.621748812496662,17.629791459068656,4.759803414344788e-05,1686.0,0.0,22.0,22.0,0.0514904098865456,0.0,1.0,1.8,1.0,1.8,0.0,0.2428080141544342,0.05,1.65,256.0,fixed,6.739700256926708,6.849973205867476,6.250443323671009,8.771015933297985,0.0189205566594337,-0.0163616992946264
108.0,S46,S46_1,S46_2,S,10.0,residual_balance,0.0085482001304626,16.52330531924963,16.531853519380093,4.255026578903198e-05,1628.0,0.0,22.0,22.0,0.0514399462559236,0.0,1.0,1.0,1.0,1.0,0.0,0.2428080141544342,0.05,1.65,256.0,fixed,6.739700256926708,6.849866055686992,6.250495511086781,8.770615792342118,0.0189202606960774,-0.0163458009346995
108.0,S46,S46_1,S46_2,S,10.0,adaptive_bb_proxy,0.0078988317400217,7.042977351695299,7.050876183435321,3.670714795589447e-05,639.0,0.0,22.0,22.0,0.0515459213975764,0.0,1.0,1.0,1.0,1.0,0.0,0.2428080141544342,0.05,1.65,256.0,fixed,6.739700256926708,6.85007112028206,6.250361875850503,8.771413676405583,0.0189208271123499,-0.0163762273019341
109.0,S47,S47_1,S47_2,S,10.0,manual_external,0.0060913674533367,4.293755281716585,4.299846649169922,3.201887011528015e-05,460.0,0.0,24.0,24.0,0.1443819203284694,0.0,0.1,1.0,0.1,1.0,0.0,0.4668066501617431,0.05,1.65,256.0,fixed,5.122769582683831,4.65120325932245,4.798971104982106,7.312970402608752,0.0128472553333745,0.0920530029217581
109.0,S47,S47_1,S47_2,S,10.0,predict_pair_full,0.0078571569174528,5.513119958341122,5.520977115258575,0.039529763162136,304.0,0.0,24.0,24.0,0.1444020570725278,0.0,0.1365040592727478,1.6782998019718305,0.1365040592727478,1.6782998019718305,0.0,0.4668066501617431,0.05,1.65,256.0,pair_full,5.122769582683831,4.651192368756789,4.798967243762555,7.312966992220822,0.0128472252521525,0.0920551288353848
109.0,S47,S47_1,S47_2,S,10.0,fixed_1_18,0.005537960678339,25.137614134699103,25.143152095377445,0.0001086723059415,1671.0,0.0,24.0,24.0,0.1443000945190997,0.0,1.0,1.8,1.0,1.8,0.0,0.4668066501617431,0.05,1.65,256.0,fixed,5.122769582683831,4.651646733985676,4.799315665805695,7.313299951184783,0.0128484802706465,0.0919664336048939
109.0,S47,S47_1,S47_2,S,10.0,residual_balance,0.0073530916124582,29.2118622455746,29.21921533718705,4.282034933567047e-05,1630.0,0.0,24.0,24.0,0.1441989251422064,0.0,1.0,1.0,1.0,1.0,0.0,0.4668066501617431,0.05,1.65,256.0,fixed,5.122769582683831,4.652131149758018,4.799683158473426,7.313640493731378,0.0128498182928244,0.091871872300794
109.0,S47,S47_1,S47_2,S,10.0,adaptive_bb_proxy,0.0078747030347585,9.2443468272686,9.25222153030336,4.111416637897492e-05,692.0,0.0,24.0,24.0,0.1444114400811921,0.0,1.0,1.0,1.0,1.0,0.0,0.4668066501617431,0.05,1.65,256.0,fixed,5.122769582683831,4.651045029350858,4.798851391119569,7.312856568623472,0.0128468182806952,0.0920838905049372
110.0,S48,S48_1,S48_2,S,10.0,manual_external,0.007795687764883,5.650371171534061,5.6581668592989445,3.734789788722992e-05,412.0,0.0,20.0,20.0,0.0520046365553206,0.0,0.1,1.0,0.1,1.0,0.0,0.5,0.05,1.65,256.0,fixed,6.493002454071055,6.410700918940591,6.166749252982386,9.754773373353274,0.0177072269216473,0.0126754203026443
110.0,S48,S48_1,S48_2,S,10.0,predict_pair_full,0.0072408393025398,3.330359384417534,3.3376002237200737,0.0372743085026741,257.0,0.0,20.0,20.0,0.0519947770501801,0.0,0.140152977645347,1.6882550553315323,0.140152977645347,1.6882550553315323,0.0,0.5,0.05,1.65,256.0,pair_full,6.493002454071055,6.410699709512388,6.166747919521813,9.754777582447453,0.0177072235810423,0.0126756065690459
110.0,S48,S48_1,S48_2,S,10.0,fixed_1_18,0.0075663961470127,14.527306681498883,14.534873077645898,3.71001660823822e-05,1346.0,0.0,20.0,20.0,0.0519257775443509,0.0,1.0,1.8,1.0,1.8,0.0,0.5,0.05,1.65,256.0,fixed,6.493002454071055,6.410872203948153,6.166962715333479,9.755007384123171,0.0177077000341097,0.0126490403638142
110.0,S48,S48_1,S48_2,S,10.0,residual_balance,0.0076982360333204,27.16013767197728,27.1678359080106,5.309656262397766e-05,1307.0,0.0,20.0,20.0,0.0518608379875157,0.0,1.0,1.0,1.0,1.0,0.0,0.5,0.05,1.65,256.0,fixed,6.493002454071055,6.411048313860759,6.167179893814465,9.755229184920722,0.0177081864736153,0.0126219173319269
110.0,S48,S48_1,S48_2,S,10.0,adaptive_bb_proxy,0.0100198257714509,15.136726148426533,15.146745974197984,3.486312925815582e-05,580.0,0.0,20.0,20.0,0.0520415319896815,0.0,1.0,1.0,1.0,1.0,0.0,0.5,0.05,1.65,256.0,fixed,6.493002454071055,6.410654630220101,6.166691913941372,9.754722948434996,0.0177070990659123,0.0126825493189687
111.0,S49,S49_1,S49_2,S,10.0,manual_external,0.0198275949805974,11.89767736569047,11.917504960671067,4.6817585825920105e-05,412.0,0.0,24.0,24.0,0.2341073100833959,0.0,0.1,1.0,0.1,1.0,0.0,0.1810602098703384,0.05,1.65,256.0,fixed,8.158485117729944,7.158071176148043,7.884014438956238,12.715666086122653,0.0197715651127744,0.1226225122858516
111.0,S49,S49_1,S49_2,S,10.0,predict_pair_full,0.0235606040805578,3.62005321867764,3.643613822758198,0.0702290739864111,248.0,0.0,24.0,24.0,0.2341891825941768,0.0,0.0915796930031255,1.5377828751876663,0.0915796930031255,1.5377828751876663,0.0,0.1810602098703384,0.05,1.65,256.0,pair_full,8.158485117729944,7.157830910647825,7.883892025004998,12.715611266500868,0.0197709014668193,0.1226519620546201
111.0,S49,S49_1,S49_2,S,10.0,fixed_1_18,0.0195555724203586,18.04993184283376,18.06948741525412,4.618428647518158e-05,1519.0,0.0,24.0,24.0,0.233885429744487,0.0,1.0,1.8,1.0,1.8,0.0,0.1810602098703384,0.05,1.65,256.0,fixed,8.158485117729944,7.158794508653759,7.884397871618914,12.715855499967285,0.01977356305543,0.1225338521369051
111.0,S49,S49_1,S49_2,S,10.0,residual_balance,0.0077227596193552,17.27995329350233,17.287676053121686,4.283897578716278e-05,1434.0,0.0,24.0,24.0,0.2336277239717689,0.0,1.0,1.0,1.0,1.0,0.0,0.1810602098703384,0.05,1.65,256.0,fixed,8.158485117729944,7.159747776799396,7.884859637258074,12.716055111848334,0.0197761961115631,0.1224170083684995
111.0,S49,S49_1,S49_2,S,10.0,adaptive_bb_proxy,0.0083681400865316,10.43583163432777,10.4441997744143,8.326582610607147e-05,710.0,0.0,24.0,24.0,0.2342138993099283,0.0,1.0,1.0,1.0,1.0,0.0,0.1810602098703384,0.05,1.65,256.0,fixed,8.158485117729944,7.157744090624017,7.883847020902107,12.71558943563246,0.0197706616581178,0.1226626037390204
112.0,S50,S50_1,S50_2,S,10.0,manual_external,0.0077487155795097,3.548446260392666,3.556194975972176,2.8964132070541385e-05,322.0,0.0,16.0,16.0,0.0509054441696061,0.0,0.1,1.0,0.1,1.0,0.0,0.5,0.05,1.65,256.0,fixed,2.0447597595025537,1.970764947768464,1.7223325874369944,2.615463454150132,0.0054435205417649,0.0361875332254459
112.0,S50,S50_1,S50_2,S,10.0,predict_pair_full,0.007637083530426,3.49150924757123,3.499146331101656,0.0360467191785573,203.0,0.0,16.0,16.0,0.0509049090313332,0.0,0.140152977645347,1.6882550553315323,0.140152977645347,1.6882550553315323,0.0,0.5,0.05,1.65,256.0,pair_full,2.0447597595025537,1.9707755988664968,1.722344168524294,2.6154838066575974,0.0054435499615448,0.0361823242526149
112.0,S50,S50_1,S50_2,S,10.0,fixed_1_18,0.0616131853312253,24.41791556403041,24.479528749361634,3.91155481338501e-05,1080.0,0.0,16.0,16.0,0.0509259448247824,0.0,1.0,1.8,1.0,1.8,0.0,0.5,0.05,1.65,256.0,fixed,2.0447597595025537,1.970874384550319,1.7225008023777106,2.61564601502196,0.0054438228210249,0.0361340126192494
112.0,S50,S50_1,S50_2,S,10.0,residual_balance,0.0074979048222303,21.48949009925127,21.4969880040735,2.6831403374671936e-05,1044.0,0.0,16.0,16.0,0.0509595143441994,0.0,1.0,1.0,1.0,1.0,0.0,0.5,0.05,1.65,256.0,fixed,2.0447597595025537,1.9709674196274205,1.7226636100972794,2.615798583381693,0.005444079796548,0.036088513348898
112.0,S50,S50_1,S50_2,S,10.0,adaptive_bb_proxy,0.0078234393149614,6.1189171727746725,6.126740612089634,2.8915703296661377e-05,451.0,0.0,16.0,16.0,0.0509033061805143,0.0,1.0,1.0,1.0,1.0,0.0,0.5,0.05,1.65,256.0,fixed,2.0447597595025537,1.970738950769097,1.7222941541051366,2.6154383630907345,0.0054434487345206,0.0362002471881723
113.0,S51,S51_1,S51_2,S,10.0,manual_external,0.0077400151640176,6.797515720129013,6.805255735293031,3.125891089439392e-05,372.0,0.0,20.0,20.0,0.0518723167707916,0.0,0.1,1.0,0.1,1.0,0.0,0.1810602098703384,0.05,1.65,256.0,fixed,3.474713172521452,3.3651354125334274,3.1946588879285547,5.400326840697444,0.0092949612102085,0.0315357713136008
113.0,S51,S51_1,S51_2,S,10.0,predict_pair_full,0.0316492393612861,7.032163422554731,7.0638126619160175,0.0979479718953371,212.0,0.0,20.0,20.0,0.0518823271636865,0.0,0.0915796930031255,1.5377828751876663,0.0915796930031255,1.5377828751876663,0.0,0.1810602098703384,0.05,1.65,256.0,pair_full,3.474713172521452,3.365082003846234,3.194638941261699,5.400315829882889,0.0092948136881581,0.0315511419886872
113.0,S51,S51_1,S51_2,S,10.0,fixed_1_18,0.0074766296893358,9.954045107588172,9.961521737277508,3.157369792461395e-05,1397.0,0.0,20.0,20.0,0.0518479146517071,0.0,1.0,1.8,1.0,1.8,0.0,0.1810602098703384,0.05,1.65,256.0,fixed,3.474713172521452,3.3653029965850587,3.194742916006589,5.400384130394779,0.0092954241001277,0.0314875417063467
113.0,S51,S51_1,S51_2,S,10.0,residual_balance,0.0055665243417024,8.258785512298346,8.264352036640048,3.06982547044754e-05,1318.0,0.0,20.0,20.0,0.0517950187582516,0.0,1.0,1.0,1.0,1.0,0.0,0.1810602098703384,0.05,1.65,256.0,fixed,3.474713172521452,3.365501001679341,3.194824470381824,5.400431372316658,0.0092959710170999,0.0314305571195762
113.0,S51,S51_1,S51_2,S,10.0,adaptive_bb_proxy,0.0053169280290603,3.668890606611967,3.674207534641028,2.797320485115052e-05,542.0,0.0,20.0,20.0,0.0519037260230337,0.0,1.0,1.0,1.0,1.0,0.0,0.1810602098703384,0.05,1.65,256.0,fixed,3.474713172521452,3.365056321998604,3.194623057563454,5.400303037814755,0.0092947427514057,0.0315585330584978
114.0,S52,S52_1,S52_2,S,10.0,manual_external,0.0055212024599313,3.8787231985479593,3.88424440100789,3.4576281905174255e-05,440.0,0.0,24.0,24.0,0.0846565766821539,0.0,0.1,1.0,0.1,1.0,0.0,0.1810602098703384,0.05,1.65,256.0,fixed,2.276488376118019,2.0631355427046447,2.1345689398222287,3.020341379800392,0.0056986606748181,0.0937201505847794
114.0,S52,S52_1,S52_2,S,10.0,predict_pair_full,0.0060622245073318,3.8488325905054808,3.8548948150128126,0.0276502463966608,259.0,0.0,24.0,24.0,0.0846886706396887,0.0,0.0915796930031255,1.5377828751876663,0.0915796930031255,1.5377828751876663,0.0,0.1810602098703384,0.05,1.65,256.0,pair_full,2.276488376118019,2.0631278563950444,2.1345457749052787,3.02034496142509,0.0056986394441867,0.0937235269734668
114.0,S52,S52_1,S52_2,S,10.0,fixed_1_18,0.0468458961695432,41.21800303645432,41.26484893262386,6.0146674513816833e-05,1612.0,0.0,24.0,24.0,0.0846150202989646,0.0,1.0,1.8,1.0,1.8,0.0,0.1810602098703384,0.05,1.65,256.0,fixed,2.276488376118019,2.0631631288055075,2.13467505862167,3.020377528597077,0.0056987368713766,0.093708032754022
114.0,S52,S52_1,S52_2,S,10.0,residual_balance,0.024365359917283,23.81782294437289,23.84218830429017,4.768930375576019e-05,1517.0,0.0,24.0,24.0,0.0845166976229012,0.0,1.0,1.0,1.0,1.0,0.0,0.1810602098703384,0.05,1.65,256.0,fixed,2.276488376118019,2.0631896376232843,2.134783481196722,3.020394462181576,0.0056988100923329,0.0936963881446952
114.0,S52,S52_1,S52_2,S,10.0,adaptive_bb_proxy,0.008414652198553,6.754332331940532,6.762746984139085,4.391744732856751e-05,656.0,0.0,24.0,24.0,0.084701713915564,0.0,1.0,1.0,1.0,1.0,0.0,0.1810602098703384,0.05,1.65,256.0,fixed,2.276488376118019,2.063124695216669,2.134534383975629,3.020347220697354,0.0056986307125825,0.0937249155939442
115.0,S53,S53_1,S53_2,S,10.0,manual_external,0.0058329030871391,3.522262120619416,3.528095023706556,3.19555401802063e-05,409.0,0.0,23.0,23.0,0.0512540849005566,0.0,0.1,1.0,0.1,1.0,0.0,0.1662493348121643,0.05,1.65,256.0,fixed,8.965803129492164,9.034744401200305,8.312335967628092,10.690316092832228,0.0249551915327184,-0.0076893581881534
115.0,S53,S53_1,S53_2,S,10.0,predict_pair_full,0.0056275427341461,2.1713757291436195,2.1770032718777657,0.0270412918180227,238.0,0.0,23.0,23.0,0.0514905653712294,0.0,0.088121306365075,1.5252022963860337,0.088121306365075,1.5252022963860337,0.0,0.1662493348121643,0.05,1.65,256.0,pair_full,8.965803129492164,9.03480681257917,8.312301093582636,10.6902618156972,0.0249553639214263,-0.007696319235364
115.0,S53,S53_1,S53_2,S,10.0,fixed_1_18,0.0054857172071933,17.595034159719944,17.600519876927137,3.988482058048248e-05,1516.0,0.0,23.0,23.0,0.0506552692219502,0.0,1.0,1.8,1.0,1.8,0.0,0.1662493348121643,0.05,1.65,256.0,fixed,8.965803129492164,9.034527043144196,8.31242328846755,10.690489565970353,0.0249545911602363,-0.0076651151780215
115.0,S53,S53_1,S53_2,S,10.0,residual_balance,0.0080761481076478,27.870261155068874,27.87833730317652,4.682131111621857e-05,1408.0,0.0,23.0,23.0,0.0508876933837035,0.0,1.0,1.0,1.0,1.0,0.0,0.1662493348121643,0.05,1.65,256.0,fixed,8.965803129492164,9.034224927438174,8.312551231168545,10.69060253137835,0.0249537566756096,-0.0076314187314614
115.0,S53,S53_1,S53_2,S,10.0,adaptive_bb_proxy,0.0072057545185089,18.40847296081484,18.415678715333343,4.437379539012909e-05,649.0,0.0,23.0,23.0,0.0515679963610073,0.0,1.0,1.0,1.0,1.0,0.0,0.1662493348121643,0.05,1.65,256.0,fixed,8.965803129492164,9.03482142501496,8.312288915402473,10.690243317891458,0.0249554042829593,-0.0076979490320014
116.0,S54,S54_1,S54_2,S,10.0,manual_external,0.0078900083899497,10.91269277408719,10.92058278247714,4.1408464312553406e-05,376.0,0.0,20.0,20.0,0.0507665494386237,0.0,0.1,1.0,0.1,1.0,0.0,0.3275322318077087,0.05,1.65,256.0,fixed,3.105855318148391,2.9944662796539143,2.8100733036948737,4.258312265997192,0.0082711227046005,0.0358642071459553
116.0,S54,S54_1,S54_2,S,10.0,predict_pair_full,0.0076335687190294,4.551735632121563,4.559369200840592,0.0779121983796358,244.0,0.0,20.0,20.0,0.0507711392944369,0.0,0.1184004006669957,1.6260717605422288,0.1184004006669957,1.6260717605422288,0.0,0.3275322318077087,0.05,1.65,256.0,pair_full,3.105855318148391,2.9944469586331124,2.8100540958684967,4.25829813650155,0.008271069337316,0.0358704279833167
116.0,S54,S54_1,S54_2,S,10.0,fixed_1_18,0.007504804059863,24.29008981026709,24.29759461432696,3.7534162402153015e-05,1410.0,0.0,20.0,20.0,0.0507495029889085,0.0,1.0,1.8,1.0,1.8,0.0,0.3275322318077087,0.05,1.65,256.0,fixed,3.105855318148391,2.9945838381666583,2.810195259484844,4.258406058683164,0.0082714474171846,0.0358263565377647
116.0,S54,S54_1,S54_2,S,10.0,residual_balance,0.0080800596624612,13.331951333209872,13.340031392872334,3.367289900779724e-05,1331.0,0.0,20.0,20.0,0.0507141845772306,0.0,1.0,1.0,1.0,1.0,0.0,0.3275322318077087,0.05,1.65,256.0,fixed,3.105855318148391,2.9947207249419776,2.8103391669236344,4.258508508701993,0.0082718255170561,0.035782282760561
116.0,S54,S54_1,S54_2,S,10.0,adaptive_bb_proxy,0.0055638570338487,6.418867599219084,6.4244314562529325,2.919510006904602e-05,561.0,0.0,20.0,20.0,0.0507835819047971,0.0,1.0,1.0,1.0,1.0,0.0,0.3275322318077087,0.05,1.65,256.0,fixed,3.105855318148391,2.9944168627121046,2.8100258923282952,4.25828047881441,0.0082709862082932,0.0358801180422295
117.0,S55,S55_1,S55_2,S,10.0,manual_external,0.0059004947543144,6.39640106447041,6.402301559224725,7.353350520133972e-05,403.0,0.0,24.0,24.0,0.6594250060960994,0.0,0.1,1.0,0.1,1.0,0.0,0.155019536614418,0.05,1.65,256.0,fixed,1.431105107349425,0.8556354794198632,0.892355615640707,1.5087509651555089,0.0023633814442249,0.4021155573932632
117.0,S55,S55_1,S55_2,S,10.0,predict_pair_full,0.007475271821022,5.614359321072698,5.62183459289372,0.0370212122797966,232.0,0.0,24.0,24.0,0.6594269569284614,0.0,0.0853648759952436,1.5149441002889554,0.0853648759952436,1.5149441002889554,0.0,0.155019536614418,0.05,1.65,256.0,pair_full,1.431105107349425,0.8555364178569609,0.8922793623339489,1.5086881926301785,0.0023631078227293,0.4021847777198439
117.0,S55,S55_1,S55_2,S,10.0,fixed_1_18,0.007351778447628,36.13544777967036,36.14279955811799,4.2691826820373535e-05,1512.0,0.0,24.0,24.0,0.6594214986426019,0.0,1.0,1.8,1.0,1.8,0.0,0.155019536614418,0.05,1.65,256.0,fixed,1.431105107349425,0.855939628306331,0.892595918237042,1.5089799786850702,0.0023642215447722,0.4019030301058504
117.0,S55,S55_1,S55_2,S,10.0,residual_balance,0.0074242167174816,26.3896481320262,26.39707234874368,4.573166370391846e-05,1391.0,0.0,24.0,24.0,0.6594143738421587,0.0,1.0,1.0,1.0,1.0,0.0,0.155019536614418,0.05,1.65,256.0,fixed,1.431105107349425,0.8563162785114332,0.8928797339103139,1.5092111575627982,0.0023652619038119,0.4016398417466112
117.0,S55,S55_1,S55_2,S,10.0,adaptive_bb_proxy,0.0077514108270406,8.606883799657226,8.614635210484266,3.7690624594688416e-05,693.0,0.0,24.0,24.0,0.6594278986771314,0.0,1.0,1.0,1.0,1.0,0.0,0.155019536614418,0.05,1.65,256.0,fixed,1.431105107349425,0.8554889552922305,0.89224207261184,1.508649535890077,0.002362976724677,0.4022179426945804
118.0,S56,S56_1,S56_2,S,10.0,manual_external,0.0078041981905698,4.696468599140644,4.704272797331214,4.0315091609954834e-05,438.0,0.0,24.0,24.0,0.4318970684944473,0.0,0.1,1.0,0.1,1.0,0.0,0.1212540790438652,0.05,1.65,256.0,fixed,3.8366379594536495,3.394891720640689,3.153845008170697,3.933290368841774,0.009377152176012,0.1151388907377521
118.0,S56,S56_1,S56_2,S,10.0,predict_pair_full,0.0058356188237667,2.26438550837338,2.2702211271971464,0.0262378565967082,240.0,0.0,24.0,24.0,0.4319036852841744,0.0,0.0762346940570071,1.4793717788916323,0.0762346940570071,1.4793717788916323,0.0,0.1212540790438652,0.05,1.65,256.0,pair_full,3.8366379594536495,3.394659642766729,3.1536627665152244,3.93326633881623,0.0093765111453931,0.1151993806449084
118.0,S56,S56_1,S56_2,S,10.0,fixed_1_18,0.0055315848439931,18.32727674767375,18.332808332517743,3.807246685028076e-05,1673.0,0.0,24.0,24.0,0.4318922675169539,0.0,1.0,1.8,1.0,1.8,0.0,0.1212540790438652,0.05,1.65,256.0,fixed,3.8366379594536495,3.395553320382735,3.154334116865274,3.9333736458555375,0.0093789796043872,0.1149664481593703
118.0,S56,S56_1,S56_2,S,10.0,residual_balance,0.0070291645824909,26.8026284519583,26.80965761654079,4.4465065002441406e-05,1546.0,0.0,24.0,24.0,0.4318708177568139,0.0,1.0,1.0,1.0,1.0,0.0,0.1212540790438652,0.05,1.65,256.0,fixed,3.8366379594536495,3.396333689198212,3.1549428186488004,3.933450454839799,0.0093811350890796,0.1147630490313516
118.0,S56,S56_1,S56_2,S,10.0,adaptive_bb_proxy,0.0076149199157953,18.019104776903987,18.026719696819782,4.0862709283828735e-05,711.0,0.0,24.0,24.0,0.4319121117733511,0.0,1.0,1.0,1.0,1.0,0.0,0.1212540790438652,0.05,1.65,256.0,fixed,3.8366379594536495,3.394573094086497,3.1535985093229284,3.933254128549231,0.0093762720861795,0.1152219391143669
119.0,S57,S57_1,S57_2,S,10.0,manual_external,0.0237895231693983,8.262667581439018,8.286457104608417,4.452653229236603e-05,423.0,0.0,24.0,24.0,0.6330886116057427,0.0,0.1,1.0,0.1,1.0,0.0,0.1212540790438652,0.05,1.65,256.0,fixed,2.8766604243252174,2.652317361952241,2.4472886807765404,3.526821933345244,0.0073260609081845,0.0779873288055966
119.0,S57,S57_1,S57_2,S,10.0,predict_pair_full,0.0239753890782594,4.306698940694332,4.330674329772592,0.0738593004643917,234.0,0.0,24.0,24.0,0.6331494473537409,0.0,0.0762346940570071,1.4793717788916323,0.0762346940570071,1.4793717788916323,0.0,0.1212540790438652,0.05,1.65,256.0,pair_full,2.8766604243252174,2.652208467466317,2.447181935407672,3.526790312400005,0.0073257601268195,0.0780251832860919
119.0,S57,S57_1,S57_2,S,10.0,fixed_1_18,0.0081611294299364,19.235986065119505,19.24414719454944,4.686601459980011e-05,1595.0,0.0,24.0,24.0,0.632947125024278,0.0,1.0,1.8,1.0,1.8,0.0,0.1212540790438652,0.05,1.65,256.0,fixed,2.8766604243252174,2.652630134762483,2.4475870609526496,3.5269159136666173,0.007326924829181,0.0778786010574076
119.0,S57,S57_1,S57_2,S,10.0,residual_balance,0.0071682631969451,14.03329542838037,14.040463691577315,3.894977271556854e-05,1472.0,0.0,24.0,24.0,0.6327455169251569,0.0,1.0,1.0,1.0,1.0,0.0,0.1212540790438652,0.05,1.65,256.0,fixed,2.8766604243252174,2.6529922022846635,2.4479401436314685,3.5270199559831354,0.0073279249088692,0.0777527372192157
119.0,S57,S57_1,S57_2,S,10.0,adaptive_bb_proxy,0.0079478602856397,8.825058978050947,8.833006838336587,3.915466368198395e-05,700.0,0.0,24.0,24.0,0.6331742837615979,0.0,1.0,1.0,1.0,1.0,0.0,0.1212540790438652,0.05,1.65,256.0,fixed,2.8766604243252174,2.6521684112415174,2.447146728427273,3.52677969160252,0.0073256494860844,0.0780391078440485
120.0,S58,S58_1,S58_2,S,10.0,manual_external,0.0081372428685426,7.105122914537787,7.11326015740633,5.22807240486145e-05,459.0,0.0,24.0,24.0,0.1150339082540965,0.0,0.1,1.0,0.1,1.0,0.0,0.0973401963710784,0.05,1.65,256.0,fixed,6.048026693787792,6.7305718458869,6.256278328872919,8.52147044967599,0.0185907538808198,-0.112854189747388
120.0,S58,S58_1,S58_2,S,10.0,predict_pair_full,0.0087981782853603,3.875265566632152,3.884063744917512,0.0428934767842292,240.0,0.0,24.0,24.0,0.1150828397558577,0.0,0.0687841912255098,1.4483178589642025,0.0687841912255098,1.4483178589642025,0.0,0.0973401963710784,0.05,1.65,256.0,pair_full,6.048026693787792,6.730615915600708,6.256305299487972,8.521583199753548,0.0185908756073568,-0.1128614763742565
120.0,S58,S58_1,S58_2,S,10.0,fixed_1_18,0.0560653042048215,39.241045804694295,39.29711110889912,5.061179399490357e-05,1747.0,0.0,24.0,24.0,0.1149193118776161,0.0,1.0,1.8,1.0,1.8,0.0,0.0973401963710784,0.05,1.65,256.0,fixed,6.048026693787792,6.730471199361277,6.256213746906456,8.52118484010227,0.0185904758814418,-0.1128375485302244
120.0,S58,S58_1,S58_2,S,10.0,residual_balance,0.0237713381648063,24.11720515601337,24.140976494178176,4.5921653509140015e-05,1637.0,0.0,24.0,24.0,0.1147574434129789,0.0,1.0,1.0,1.0,1.0,0.0,0.0973401963710784,0.05,1.65,256.0,fixed,6.048026693787792,6.730308612716826,6.256113999162649,8.52079027067275,0.0185900267950402,-0.1128106659364986
120.0,S58,S58_1,S58_2,S,10.0,adaptive_bb_proxy,0.0081458687782287,7.944390306249261,7.95253617502749,4.006922245025635e-05,684.0,0.0,24.0,24.0,0.1151006902641187,0.0,1.0,1.0,1.0,1.0,0.0,0.0973401963710784,0.05,1.65,256.0,fixed,6.048026693787792,6.730622847144615,6.256310058313224,8.52160614585786,0.0185908947532229,-0.1128626224578071
121.0,S59,S59_1,S59_2,S,10.0,manual_external,0.0076683461666107,3.831437384709716,3.839105730876327,3.346800804138184e-05,400.0,0.0,21.0,21.0,0.0526389892399047,0.0,0.1,1.0,0.1,1.0,0.0,0.2993984520435333,0.05,1.65,256.0,fixed,10.494879401866662,10.392637577692556,10.265029935415797,11.87917488879318,0.0287058769750021,0.0097420675607677
121.0,S59,S59_1,S59_2,S,10.0,predict_pair_full,0.0058774780482053,2.243306031450629,2.2491835094988346,0.0298540238291025,252.0,0.0,21.0,21.0,0.0527107982356524,0.0,0.1140364554166793,1.6126884884401231,0.1140364554166793,1.6126884884401231,0.0,0.2993984520435333,0.05,1.65,256.0,pair_full,10.494879401866662,10.392623174067936,10.265019124726717,11.879205411272071,0.0287058371902339,0.0097434400038488
121.0,S59,S59_1,S59_2,S,10.0,fixed_1_18,0.0061225183308124,15.417963264510036,15.424085782840848,3.458186984062195e-05,1507.0,0.0,21.0,21.0,0.0524098856517665,0.0,1.0,1.8,1.0,1.8,0.0,0.2993984520435333,0.05,1.65,256.0,fixed,10.494879401866662,10.392707359831377,10.265076908233628,11.879030921328676,0.0287060697227504,0.0097354184001487
121.0,S59,S59_1,S59_2,S,10.0,residual_balance,0.0060562249273061,28.0131755489856,28.019231773912907,4.883855581283569e-05,1420.0,0.0,21.0,21.0,0.0520298267928007,0.0,1.0,1.0,1.0,1.0,0.0,0.2993984520435333,0.05,1.65,256.0,fixed,10.494879401866662,10.392795412097014,10.265134852679624,11.878829993720228,0.0287063129350712,0.0097270283784758
121.0,S59,S59_1,S59_2,S,10.0,adaptive_bb_proxy,0.0196148976683616,14.667423667386174,14.687038565054536,3.435462713241577e-05,624.0,0.0,21.0,21.0,0.0527716851406965,0.0,1.0,1.0,1.0,1.0,0.0,0.2993984520435333,0.05,1.65,256.0,fixed,10.494879401866662,10.392602137197947,10.26500008947885,11.8792304389568,0.0287057790835409,0.0097454444928174
122.0,S60,S60_1,S60_2,S,10.0,manual_external,0.0074863880872726,7.106751210987568,7.1142375990748405,3.3698976039886475e-05,365.0,0.0,20.0,20.0,0.0503297756851811,0.0,0.1,1.0,0.1,1.0,0.0,0.2993984520435333,0.05,1.65,256.0,fixed,10.93017134485378,11.008338311524923,10.41879426768716,13.161927710476911,0.0304065260534177,-0.0071514859377699
122.0,S60,S60_1,S60_2,S,10.0,predict_pair_full,0.0316396318376064,6.068684242665768,6.100323874503374,0.0687208231538534,243.0,0.0,20.0,20.0,0.0502755783999337,0.0,0.1140364554166793,1.6126884884401231,0.1140364554166793,1.6126884884401231,0.0,0.2993984520435333,0.05,1.65,256.0,pair_full,10.93017134485378,11.008327731759785,10.418740761359242,13.161834682271673,0.030406496830669,-0.0071505179963895
122.0,S60,S60_1,S60_2,S,10.0,fixed_1_18,0.0075379330664873,16.904931660741568,16.912469593808055,3.4224241971969604e-05,1391.0,0.0,20.0,20.0,0.0504469579003599,0.0,1.0,1.8,1.0,1.8,0.0,0.2993984520435333,0.05,1.65,256.0,fixed,10.93017134485378,11.008343091367127,10.418967556679991,13.162255894641804,0.0304065392559913,-0.0071519232449313
122.0,S60,S60_1,S60_2,S,10.0,residual_balance,0.0061736330389976,10.045551082119346,10.051724715158343,3.811344504356384e-05,1384.0,0.0,20.0,20.0,0.050645020407117,0.0,1.0,1.0,1.0,1.0,0.0,0.2993984520435333,0.05,1.65,256.0,fixed,10.93017134485378,11.008360883022291,10.41916773863975,13.162618899627564,0.0304065883989601,-0.0071535510012219
122.0,S60,S60_1,S60_2,S,10.0,adaptive_bb_proxy,0.0058562327176332,4.415449222549796,4.421305455267429,2.6952475309371948e-05,566.0,0.0,20.0,20.0,0.0502520931028352,0.0,1.0,1.0,1.0,1.0,0.0,0.2993984520435333,0.05,1.65,256.0,fixed,10.93017134485378,11.00832110406445,10.41870615956672,13.161771499242109,0.030406478524074,-0.007149911629378
123.0,S61,S61_1,S61_2,S,10.0,manual_external,0.0055342651903629,3.716399190947413,3.721933456137776,3.8079917430877686e-05,401.0,0.0,24.0,24.0,0.6641488433867636,0.0,0.1,1.0,0.1,1.0,0.0,0.1829216927289962,0.05,1.65,256.0,fixed,1.5722878761716197,1.298423491071942,1.281366815678444,2.169289690529392,0.0035864220913628,0.1741820879312118
123.0,S61,S61_1,S61_2,S,10.0,predict_pair_full,0.0052500087767839,2.284660028293729,2.2899100370705128,0.0264123622328043,240.0,0.0,24.0,24.0,0.6642429302996584,0.0,0.0920011901579742,1.5392948665562465,0.0920011901579742,1.5392948665562465,0.0,0.1829216927289962,0.05,1.65,256.0,pair_full,1.5722878761716197,1.298300838689269,1.281250995569529,2.1691473493115927,0.0035860833088178,0.1742600967898514
123.0,S61,S61_1,S61_2,S,10.0,fixed_1_18,0.0056907013058662,14.358284555375576,14.363975256681442,3.703124821186066e-05,1483.0,0.0,24.0,24.0,0.6638544914459962,0.0,1.0,1.8,1.0,1.8,0.0,0.1829216927289962,0.05,1.65,256.0,fixed,1.5722878761716197,1.2988486025117396,1.2817576018181964,2.169782707824317,0.0035875963069168,0.1739117103201903
123.0,S61,S61_1,S61_2,S,10.0,residual_balance,0.0173107404261827,21.861908085644245,21.879218826070428,8.844584226608276e-05,1367.0,0.0,24.0,24.0,0.663458732837805,0.0,1.0,1.0,1.0,1.0,0.0,0.1829216927289962,0.05,1.65,256.0,fixed,1.5722878761716197,1.2993260890297609,1.282213134302796,2.1703284059587773,0.0035889151895528,0.173608021329607
123.0,S61,S61_1,S61_2,S,10.0,adaptive_bb_proxy,0.0234307665377855,8.833790896460414,8.8572216629982,3.915838897228241e-05,684.0,0.0,24.0,24.0,0.6642814552749218,0.0,1.0,1.0,1.0,1.0,0.0,0.1829216927289962,0.05,1.65,256.0,fixed,1.5722878761716197,1.2982443291157255,1.281197851990156,2.169082403136947,0.003585927221698,0.1742960377739418
124.0,S62,S62_1,S62_2,S,10.0,manual_external,0.0075233932584524,4.111351432278752,4.118874825537205,3.527291119098663e-05,369.0,0.0,20.0,20.0,0.0554777133288763,0.0,0.1,1.0,0.1,1.0,0.0,0.1669559627771377,0.05,1.65,256.0,fixed,7.686097337851109,7.531325053831672,7.449933906693239,9.709015000809805,0.0208025430347051,0.0201366541714508
124.0,S62,S62_1,S62_2,S,10.0,predict_pair_full,0.0078745428472757,2.93591034039855,2.9437848832458258,0.0374156385660171,212.0,0.0,20.0,20.0,0.0555753219427505,0.0,0.0882907240786129,1.5258259865925194,0.0882907240786129,1.5258259865925194,0.0,0.1669559627771377,0.05,1.65,256.0,pair_full,7.686097337851109,7.531324205481039,7.449851318968653,9.709064746655123,0.0208025406914454,0.0201367645461437
124.0,S62,S62_1,S62_2,S,10.0,fixed_1_18,0.0053193587809801,9.628990842029452,9.634310200810432,3.0308961868286133e-05,1396.0,0.0,20.0,20.0,0.0551867450234464,0.0,1.0,1.8,1.0,1.8,0.0,0.1669559627771377,0.05,1.65,256.0,fixed,7.686097337851109,7.531355324929351,7.450215262493496,9.708868583259674,0.0208026266475896,0.0201327157490828
124.0,S62,S62_1,S62_2,S,10.0,residual_balance,0.0057424511760473,8.540743889287114,8.546486340463161,2.701207995414734e-05,1352.0,0.0,20.0,20.0,0.054818952024842,0.0,1.0,1.0,1.0,1.0,0.0,0.1669559627771377,0.05,1.65,256.0,fixed,7.686097337851109,7.531343023712914,7.450543163399693,9.708660228189135,0.0208025926699585,0.0201343161993368
124.0,S62,S62_1,S62_2,S,10.0,adaptive_bb_proxy,0.0054685063660144,3.861544279381633,3.8670127857476473,2.5140121579170227e-05,574.0,0.0,20.0,20.0,0.0556268115875131,0.0,1.0,1.0,1.0,1.0,0.0,0.1669559627771377,0.05,1.65,256.0,fixed,7.686097337851109,7.531315496655481,7.449801150628533,9.709081836420696,0.020802516636486,0.0201378976082394
125.0,S63,S63_1,S63_2,S,10.0,manual_external,0.0057137478142976,2.514191526919604,2.519905274733901,2.7274712920188904e-05,384.0,0.0,20.0,20.0,0.0590237306140788,0.0,0.1,1.0,0.1,1.0,0.0,0.0975910127162933,0.05,1.65,256.0,fixed,9.363912292589283,9.317588016534206,9.00665386845431,10.700216365398502,0.0257364440265384,0.0049471070006427
125.0,S63,S63_1,S63_2,S,10.0,predict_pair_full,0.0053529236465692,1.5536349453032017,1.558987868949771,0.0264177247881889,200.0,0.0,20.0,20.0,0.0590006207715534,0.0,0.0688676641699571,1.4486768638619176,0.0688676641699571,1.4486768638619176,0.0,0.0975910127162933,0.05,1.65,256.0,pair_full,9.363912292589283,9.317563080665462,9.006601802791796,10.70021363300842,0.0257363751502811,0.0049497699761132
125.0,S63,S63_1,S63_2,S,10.0,fixed_1_18,0.005730977281928,12.119397018104792,12.12512799538672,3.353506326675415e-05,1486.0,0.0,20.0,20.0,0.0590606844709315,0.0,1.0,1.8,1.0,1.8,0.0,0.0975910127162933,0.05,1.65,256.0,fixed,9.363912292589283,9.317657509605713,9.006789518692191,10.70022664634931,0.0257366359758435,0.004939685629176
125.0,S63,S63_1,S63_2,S,10.0,residual_balance,0.0231238771229982,15.111393496394156,15.134517373517156,5.522742867469788e-05,1399.0,0.0,20.0,20.0,0.0591273017140753,0.0,1.0,1.0,1.0,1.0,0.0,0.0975910127162933,0.05,1.65,256.0,fixed,9.363912292589283,9.317735587873871,9.006956277762214,10.70023065357036,0.0257368516386282,0.0049313474190644
125.0,S63,S63_1,S63_2,S,10.0,adaptive_bb_proxy,0.0073415413498878,5.950385991483927,5.957727532833815,3.462843596935272e-05,607.0,0.0,20.0,20.0,0.0589976692936672,0.0,1.0,1.0,1.0,1.0,0.0,0.0975910127162933,0.05,1.65,256.0,fixed,9.363912292589283,9.317552744255616,9.006583221333845,10.700210793895735,0.0257363465997127,0.0049508738320149
126.0,S64,S64_1,S64_2,S,10.0,manual_external,0.0081956181675195,6.020953400060535,6.029149018228054,4.293583333492279e-05,466.0,0.0,23.0,24.0,0.050556031880485,0.0,0.1,1.0,0.1,1.0,0.0,0.0975910127162933,0.05,1.65,256.0,fixed,6.401287736392538,7.603599403621843,7.152676070044824,10.831953963344152,0.0210021746083085,-0.187823406280075
126.0,S64,S64_1,S64_2,S,10.0,predict_pair_full,0.0079472884535789,3.502281667664647,3.510228956118226,0.0363733954727649,240.0,0.0,23.0,24.0,0.0505443978562958,0.0,0.0688676641699571,1.4486768638619176,0.0688676641699571,1.4486768638619176,0.0,0.0975910127162933,0.05,1.65,256.0,pair_full,6.401287736392538,7.603841292249736,7.152722917358156,10.832110945755204,0.0210028427375627,-0.1878611937750063
126.0,S64,S64_1,S64_2,S,10.0,fixed_1_18,0.0073090679943561,21.55524969473481,21.562558762729168,4.54876571893692e-05,1832.0,0.0,23.0,24.0,0.0505674513433178,0.0,1.0,1.8,1.0,1.8,0.0,0.0975910127162933,0.05,1.65,256.0,fixed,6.401287736392538,7.60311747032951,7.152564473037508,10.831652988958638,0.0210008434430777,-0.1877481193515413
126.0,S64,S64_1,S64_2,S,10.0,residual_balance,0.0083221830427646,20.396808985620737,20.4051311686635,4.8665329813957214e-05,1693.0,0.0,23.0,24.0,0.050603535470345,0.0,1.0,1.0,1.0,1.0,0.0,0.0975910127162933,0.05,1.65,256.0,fixed,6.401287736392538,7.6024246957979,7.152425589521087,10.831199713858735,0.0209989299056983,-0.1876398951066489
126.0,S64,S64_1,S64_2,S,10.0,adaptive_bb_proxy,0.0060762781649827,6.84313946403563,6.849215742200613,3.779865801334381e-05,703.0,0.0,23.0,24.0,0.0505411212061431,0.0,1.0,1.0,1.0,1.0,0.0,0.0975910127162933,0.05,1.65,256.0,fixed,6.401287736392538,7.603905958261691,7.152731861173829,10.832148765252953,0.0210030213538735,-0.1878712958067563
127.0,S65,S65_1,S65_2,S,10.0,manual_external,0.0053358916193246,2.207335291430354,2.212671183049679,2.4188309907913208e-05,336.0,0.0,19.0,19.0,0.0519034725636939,0.0,0.1,1.0,0.1,1.0,0.0,0.2285508960485458,0.05,1.65,256.0,fixed,0.9164333099690628,0.5162698324306527,0.5928849209038509,1.0702398398152442,0.0014260074196631,0.4366531346972561
127.0,S65,S65_1,S65_2,S,10.0,predict_pair_full,0.005666883662343,1.963638158515096,1.9693050421774387,0.0278836619108915,209.0,0.0,19.0,19.0,0.0518943880689233,0.0,0.1015464889468072,1.5723809038342595,0.1015464889468072,1.5723809038342595,0.0,0.2285508960485458,0.05,1.65,256.0,pair_full,0.9164333099690628,0.5162153664187625,0.5928518239193419,1.0702411911487268,0.0014258569771383,0.4367125672945849
127.0,S65,S65_1,S65_2,S,10.0,fixed_1_18,0.0076910741627216,10.843187056481838,10.85087813064456,3.296695649623871e-05,1261.0,0.0,19.0,19.0,0.0519071374347573,0.0,1.0,1.8,1.0,1.8,0.0,0.2285508960485458,0.05,1.65,256.0,fixed,0.9164333099690628,0.5164154442435508,0.5930010018520625,1.07024176179819,0.0014264096192737,0.4364942449981215
127.0,S65,S65_1,S65_2,S,10.0,residual_balance,0.0081631932407617,9.876803424209356,9.884966617450118,3.482215106487274e-05,1194.0,0.0,19.0,19.0,0.0519356164233083,0.0,1.0,1.0,1.0,1.0,0.0,0.2285508960485458,0.05,1.65,256.0,fixed,0.9164333099690628,0.5166257034367034,0.5931424371471088,1.070237375140758,0.0014269903837318,0.4362648129261254
127.0,S65,S65_1,S65_2,S,10.0,adaptive_bb_proxy,0.0073004439473152,4.443267298862338,4.450567742809653,2.995878458023072e-05,546.0,0.0,19.0,19.0,0.0518894564760883,0.0,1.0,1.0,1.0,1.0,0.0,0.2285508960485458,0.05,1.65,256.0,fixed,0.9164333099690628,0.5161921051737134,0.592832335399164,1.0702420054289474,0.0014257927264191,0.4367379496598875
128.0,S66,S66_1,S66_2,S,10.0,manual_external,0.0101436283439397,6.813257297500968,6.823400925844908,5.632638931274414e-05,422.0,0.0,24.0,24.0,0.6267064665119332,0.0,0.1,1.0,0.1,1.0,0.0,0.1017775982618331,0.05,1.65,256.0,fixed,1.826025519574141,1.4731320685695586,1.381070137346622,2.006564690177666,0.0040689909190191,0.1932576775201311
128.0,S66,S66_1,S66_2,S,10.0,predict_pair_full,0.0088028907775878,3.369085505604744,3.377888396382332,0.0435132849961519,216.0,0.0,24.0,24.0,0.6267890494994213,0.0,0.0702427769029896,1.4545535650270298,0.0702427769029896,1.4545535650270298,0.0,0.1017775982618331,0.05,1.65,256.0,pair_full,1.826025519574141,1.4729130535541142,1.3809011885385265,2.00646326974304,0.0040683859697902,0.1933776183495974
128.0,S66,S66_1,S66_2,S,10.0,fixed_1_18,0.0247965082526206,36.97768498212099,37.00248149037361,4.676729440689087e-05,1583.0,0.0,24.0,24.0,0.6264951321234333,0.0,1.0,1.8,1.0,1.8,0.0,0.1017775982618331,0.05,1.65,256.0,fixed,1.826025519574141,1.4738039467224449,1.381572888838201,2.0068887167265443,0.0040708467377614,0.1928897318667524
128.0,S66,S66_1,S66_2,S,10.0,residual_balance,0.0240166075527668,24.441498951986432,24.4655155595392,4.695914685726166e-05,1461.0,0.0,24.0,24.0,0.6261907132177289,0.0,1.0,1.0,1.0,1.0,0.0,0.1017775982618331,0.05,1.65,256.0,fixed,1.826025519574141,1.4746260085778364,1.3822020132360362,2.00725695466314,0.0040731173842946,0.1924395399901445
128.0,S66,S66_1,S66_2,S,10.0,adaptive_bb_proxy,0.0239226408302783,22.03036116436124,22.05428380519152,4.247389733791351e-05,691.0,0.0,24.0,24.0,0.6268236985194334,0.0,1.0,1.0,1.0,1.0,0.0,0.1017775982618331,0.05,1.65,256.0,fixed,1.826025519574141,1.4728236536529962,1.3808320283127,2.0064181020957865,0.0040681390351171,0.1934265770854746
129.0,S67,S67_1,S67_2,S,10.0,manual_external,0.0354693904519081,6.801911760121584,6.837381150573492,4.4519081711769104e-05,420.0,0.0,24.0,24.0,0.1900853948289175,0.0,0.1,1.0,0.1,1.0,0.0,0.1485942304134369,0.05,1.65,256.0,fixed,4.3623961275286,3.465376091790543,4.121984385436197,6.792017668647219,0.0095718395854173,0.20562553457222
129.0,S67,S67_1,S67_2,S,10.0,predict_pair_full,0.0076785050332546,3.3633903414011,3.371068846434355,0.034549118950963,245.0,0.0,24.0,24.0,0.1901253390702655,0.0,0.0837304503821922,1.5087604737403035,0.0837304503821922,1.5087604737403035,0.0,0.1485942304134369,0.05,1.65,256.0,pair_full,4.3623961275286,3.4651923187162383,4.121794349777736,6.7919289382336325,0.0095713319792179,0.2056676612083466
129.0,S67,S67_1,S67_2,S,10.0,fixed_1_18,0.0075662527233362,23.546386068686843,23.55395232141018,4.3822452425956726e-05,1583.0,0.0,24.0,24.0,0.1900156745349223,0.0,1.0,1.8,1.0,1.8,0.0,0.1485942304134369,0.05,1.65,256.0,fixed,4.3623961275286,3.4658549773798373,4.122468956020229,6.792252465017493,0.0095731623324782,0.2055157587574397
129.0,S67,S67_1,S67_2,S,10.0,residual_balance,0.0237789172679185,23.46010219119489,23.48388110846281,4.747509956359863e-05,1460.0,0.0,24.0,24.0,0.1899367552693949,0.0,1.0,1.0,1.0,1.0,0.0,0.1485942304134369,0.05,1.65,256.0,fixed,4.3623961275286,3.466490384274693,4.123098593866233,6.792510996016851,0.0095749174126507,0.2053701032790557
129.0,S67,S67_1,S67_2,S,10.0,adaptive_bb_proxy,0.0238030608743429,9.489704214036465,9.513507274910808,4.062429070472717e-05,693.0,0.0,24.0,24.0,0.1901520935496582,0.0,1.0,1.0,1.0,1.0,0.0,0.1485942304134369,0.05,1.65,256.0,fixed,4.3623961275286,3.4651429740659623,4.121742060175588,6.791904409772321,0.0095711956825896,0.2056789725722929
130.0,S68,S68_1,S68_2,S,10.0,manual_external,0.0081103984266519,8.924752866849303,8.932863265275955,4.551373422145844e-05,422.0,0.0,24.0,24.0,0.5024028466055144,0.0,0.1,1.0,0.1,1.0,0.0,0.1485942304134369,0.05,1.65,256.0,fixed,3.726111015910692,2.8423995557036528,3.472695481647272,6.383789331403598,0.007851093752655,0.2371672385589982
130.0,S68,S68_1,S68_2,S,10.0,predict_pair_full,0.0088463872671127,7.859528683125973,7.868375070393085,0.096119038760662,241.0,0.0,24.0,24.0,0.5024416357345365,0.0,0.0837304503821922,1.5087604737403035,0.0837304503821922,1.5087604737403035,0.0,0.1485942304134369,0.05,1.65,256.0,pair_full,3.726111015910692,2.842009411832258,3.4725085091903365,6.383729802614588,0.0078500161222757,0.2372719439394146
130.0,S68,S68_1,S68_2,S,10.0,fixed_1_18,0.0080046709626913,20.982718056067824,20.99072272703052,4.721246659755707e-05,1590.0,0.0,24.0,24.0,0.502298286300378,0.0,1.0,1.8,1.0,1.8,0.0,0.1485942304134369,0.05,1.65,256.0,fixed,3.726111015910692,2.8433694896958155,3.4731947648791874,6.383977974708904,0.0078537728421204,0.2369069312337411
130.0,S68,S68_1,S68_2,S,10.0,residual_balance,0.0078717488795518,25.863968471065164,25.871840219944715,5.073659121990204e-05,1468.0,0.0,24.0,24.0,0.5021623327035873,0.0,1.0,1.0,1.0,1.0,0.0,0.1485942304134369,0.05,1.65,256.0,fixed,3.726111015910692,2.8447238719795225,3.473845149601856,6.384177959402086,0.0078575138299998,0.2365434470868859
130.0,S68,S68_1,S68_2,S,10.0,adaptive_bb_proxy,0.0243923347443342,20.860278030857444,20.88467036560177,4.856288433074951e-05,711.0,0.0,24.0,24.0,0.5024625247642657,0.0,1.0,1.0,1.0,1.0,0.0,0.1485942304134369,0.05,1.65,256.0,fixed,3.726111015910692,2.8418803367330696,3.472442274300383,6.3837008124503285,0.007849659599315,0.2373065846408423
131.0,S69,S69_1,S69_2,S,10.0,manual_external,0.0087079238146543,8.661209981888533,8.669917905703187,4.341080784797669e-05,372.0,0.0,20.0,20.0,0.0501733834702748,0.0,0.1,1.0,0.1,1.0,0.0,0.1937337517738342,0.05,1.65,256.0,fixed,15.541934156979927,15.726499461813562,15.52384298167648,16.35998940512954,0.0434387281788084,-0.0118753112044123
131.0,S69,S69_1,S69_2,S,10.0,predict_pair_full,0.0057728085666894,1.5855654794722795,1.591338288038969,0.0253493972122669,228.0,0.0,20.0,20.0,0.0501826739517747,0.0,0.094395355997764,1.547798317636501,0.094395355997764,1.547798317636501,0.0,0.1937337517738342,0.05,1.65,256.0,pair_full,15.541934156979927,15.726439517368137,15.523790829452178,16.360030514354236,0.0434385626041058,-0.0118714542555395
131.0,S69,S69_1,S69_2,S,10.0,fixed_1_18,0.0048652272671461,8.28440636396408,8.289271591231227,2.775713801383972e-05,1400.0,0.0,20.0,20.0,0.0501548237145716,0.0,1.0,1.8,1.0,1.8,0.0,0.1937337517738342,0.05,1.65,256.0,fixed,15.541934156979927,15.726669879364009,15.52397140921667,16.359896782825903,0.0434391988952363,-0.0118862762200098
131.0,S69,S69_1,S69_2,S,10.0,residual_balance,0.0050821639597415,24.2519851885736,24.25706735253334,7.232464849948883e-05,1331.0,0.0,20.0,20.0,0.0501198924837882,0.0,1.0,1.0,1.0,1.0,0.0,0.1937337517738342,0.05,1.65,256.0,fixed,15.541934156979927,15.726883497856296,15.524121049722732,16.359769316746394,0.0434397889385351,-0.0119000208730324
131.0,S69,S69_1,S69_2,S,10.0,adaptive_bb_proxy,0.0320282559841871,12.565671442076564,12.597699698060753,3.604590892791748e-05,549.0,0.0,20.0,20.0,0.0501925054372587,0.0,1.0,1.0,1.0,1.0,0.0,0.1937337517738342,0.05,1.65,256.0,fixed,15.541934156979927,15.726422793513212,15.523774826197812,16.36003559113882,0.0434385164105464,-0.0118703782083273
132.0,S70,S70_1,S70_2,S,10.0,manual_external,0.0069241505116224,5.587734576314688,5.59465872682631,3.6232173442840576e-05,434.0,0.0,22.0,22.0,0.0509196948794639,0.0,0.1,1.0,0.1,1.0,0.0,0.4797265827655792,0.05,1.65,256.0,fixed,6.604502402571164,6.4799828611977865,6.67035340592531,9.56549675996378,0.0178985930590842,0.0188537354950287
132.0,S70,S70_1,S70_2,S,10.0,predict_pair_full,0.0085172597318887,3.844845378771424,3.853362638503313,0.0407936312258243,294.0,0.0,22.0,22.0,0.0509090271295685,0.0,0.1379496951241852,1.6822649264512075,0.1379496951241852,1.6822649264512075,0.0,0.4797265827655792,0.05,1.65,256.0,pair_full,6.604502402571164,6.479972305113583,6.670330248361002,9.565483347499397,0.0178985639017454,0.0188553338113833
132.0,S70,S70_1,S70_2,S,10.0,fixed_1_18,0.0054885074496269,17.102226557210088,17.107715064659715,3.108568489551544e-05,1584.0,0.0,22.0,22.0,0.0509288430560006,0.0,1.0,1.8,1.0,1.8,0.0,0.4797265827655792,0.05,1.65,256.0,fixed,6.604502402571164,6.4801995212220405,6.670643430239705,9.565650232195187,0.0178991915035075,0.018820930597544
132.0,S70,S70_1,S70_2,S,10.0,residual_balance,0.0065663158893585,32.9082818031311,32.91484811902046,4.884600639343262e-05,1506.0,0.0,22.0,22.0,0.0509522918261198,0.0,1.0,1.0,1.0,1.0,0.0,0.4797265827655792,0.05,1.65,256.0,fixed,6.604502402571164,6.480385401086435,6.670942808689574,9.565799806488686,0.0178997049289473,0.0187927861813466
132.0,S70,S70_1,S70_2,S,10.0,adaptive_bb_proxy,0.0094923246651887,10.357790011912584,10.367282336577771,3.5976991057395935e-05,658.0,0.0,22.0,22.0,0.0509105261796339,0.0,1.0,1.0,1.0,1.0,0.0,0.4797265827655792,0.05,1.65,256.0,fixed,6.604502402571164,6.479931279819969,6.670261292948045,9.565434830084111,0.0178984505843106,0.018861545527439
133.0,S71,S71_1,S71_2,S,10.0,manual_external,0.0055628288537263,2.3163860961794853,2.321948925033212,2.572126686573029e-05,356.0,0.0,19.0,19.0,0.0506095711102345,0.0,0.1,1.0,0.1,1.0,0.0,0.1937337517738342,0.05,1.65,256.0,fixed,22.938378705634484,22.7049558214555,22.67981649866253,25.68692729494533,0.0627141727652037,0.0101760846821591
133.0,S71,S71_1,S71_2,S,10.0,predict_pair_full,0.0060760825872421,1.827266464009881,1.8333425465971231,0.0298530496656894,217.0,0.0,19.0,19.0,0.0506401072576803,0.0,0.094395355997764,1.547798317636501,0.094395355997764,1.547798317636501,0.0,0.1937337517738342,0.05,1.65,256.0,pair_full,22.938378705634484,22.70487879701723,22.67976286832485,25.68698444263548,0.0627139600132404,0.0101794425671805
133.0,S71,S71_1,S71_2,S,10.0,fixed_1_18,0.0052425879985094,10.232146004214885,10.237388592213392,2.9189512133598328e-05,1347.0,0.0,19.0,19.0,0.0505362662602106,0.0,1.0,1.8,1.0,1.8,0.0,0.1937337517738342,0.05,1.65,256.0,fixed,22.938378705634484,22.705179817429688,22.679968315924928,25.68677515688782,0.0627147914725174,0.0101663195641853
133.0,S71,S71_1,S71_2,S,10.0,residual_balance,0.0069486871361732,10.790592398494482,10.797541085630655,3.479979932308197e-05,1286.0,0.0,19.0,19.0,0.0504470077225581,0.0,1.0,1.0,1.0,1.0,0.0,0.1937337517738342,0.05,1.65,256.0,fixed,22.938378705634484,22.705399207160475,22.68012379276777,25.68658370911042,0.062715397456761,0.0101567552556698
133.0,S71,S71_1,S71_2,S,10.0,adaptive_bb_proxy,0.0080297123640775,4.868727624416351,4.876757336780429,3.2044947147369385e-05,523.0,0.0,19.0,19.0,0.0506483110515265,0.0,1.0,1.0,1.0,1.0,0.0,0.1937337517738342,0.05,1.65,256.0,fixed,22.938378705634484,22.704852084641423,22.67974548132374,25.6869972062988,0.0627138862300291,0.0101806070948111
28.0,P15,P15_1,P15_2,P,10.0,manual_external,0.0098376255482435,8.321102386340499,8.330940011888742,4.409998655319214e-05,314.0,0.0,16.0,16.0,0.0509053056559106,0.0,0.1,1.0,0.1,1.0,0.0,0.4873778820037842,0.05,1.65,256.0,fixed,158.53715314028182,158.39840881401966,157.6405216371991,160.16468895208197,0.4375179257873136,0.0008751533852785
28.0,P15,P15_1,P15_2,P,10.0,predict_pair_full,0.0075747519731521,5.843982258811593,5.851557010784745,0.1183312609791755,218.0,0.0,16.0,16.0,0.0508952907379384,0.0,0.1387903732634721,1.6845579934910735,0.1387903732634721,1.6845579934910735,0.0,0.4873778820037842,0.05,1.65,256.0,pair_full,158.53715314028182,158.39836268694603,157.64048524652117,160.16465282849362,0.4375177983780692,0.0008754443396241
28.0,P15,P15_1,P15_2,P,10.0,fixed_1_18,0.0094310846179723,25.83215614967048,25.84158723428845,3.0338764190673828e-05,1188.0,0.0,16.0,16.0,0.0509434679068049,0.0,1.0,1.8,1.0,1.8,0.0,0.4873778820037842,0.05,1.65,256.0,fixed,158.53715314028182,158.3986947652437,157.64075474926503,160.16491250748038,0.4375187156234449,0.000873349699402
28.0,P15,P15_1,P15_2,P,10.0,residual_balance,0.0094782523810863,26.278210600838065,26.28768885321915,3.653950989246368e-05,1178.0,0.0,16.0,16.0,0.0510061674973902,0.0,1.0,1.0,1.0,1.0,0.0,0.4873778820037842,0.05,1.65,256.0,fixed,158.53715314028182,158.39903163728837,157.64101712746742,160.1651586515763,0.4375196461098011,0.000871224821807
28.0,P15,P15_1,P15_2,P,10.0,adaptive_bb_proxy,0.0103052854537963,10.928564719855784,10.938870005309582,2.6071444153785706e-05,482.0,0.0,16.0,16.0,0.0508797819866784,0.0,1.0,1.0,1.0,1.0,0.0,0.4873778820037842,0.05,1.65,256.0,fixed,158.53715314028182,158.39827404089442,157.64042022193982,160.16458701760152,0.4375175535256309,0.0008760034896394
29.0,P16,P16_1,P16_2,P,10.0,manual_external,0.0330155100673437,10.375823287293317,10.40883879736066,3.666430711746216e-05,383.0,0.0,20.0,20.0,0.0529504150990655,0.0,0.1,1.0,0.1,1.0,0.0,0.4474296867847442,0.05,1.65,256.0,fixed,88.06119087386699,89.01463824882073,88.09335517923462,91.71537745734584,0.2458705247289397,-0.010827100627317
29.0,P16,P16_1,P16_2,P,10.0,predict_pair_full,0.0083853993564844,9.241756059229374,9.250141458585858,0.4432195164263248,255.0,0.0,20.0,20.0,0.0529623700916476,0.0,0.134271819564906,1.6721215719713451,0.134271819564906,1.6721215719713451,0.0,0.4474296867847442,0.05,1.65,256.0,pair_full,88.06119087386699,89.01465646107528,88.09335707490303,91.7153674102098,0.2458705750336611,-0.010827307440947
29.0,P16,P16_1,P16_2,P,10.0,fixed_1_18,0.0323723051697015,37.28124736435712,37.313619669526815,3.8929283618927e-05,1418.0,0.0,20.0,20.0,0.0529488901723688,0.0,1.0,1.8,1.0,1.8,0.0,0.4474296867847442,0.05,1.65,256.0,fixed,88.06119087386699,89.01424569547478,88.09322906998543,91.71555020792415,0.2458694404432643,-0.0108226428935294
29.0,P16,P16_1,P16_2,P,10.0,residual_balance,0.0327186416834592,31.770150918513536,31.802869560197,3.314390778541565e-05,1364.0,0.0,20.0,20.0,0.0529129224097476,0.0,1.0,1.0,1.0,1.0,0.0,0.4474296867847442,0.05,1.65,256.0,fixed,88.06119087386699,89.01381121812598,88.09310305325019,91.71577530796816,0.245868240357797,-0.0108177090816594
29.0,P16,P16_1,P16_2,P,10.0,adaptive_bb_proxy,0.0258570872247219,16.331750437617302,16.357607524842024,3.3777207136154175e-05,567.0,0.0,20.0,20.0,0.052969053183575,0.0,1.0,1.0,1.0,1.0,0.0,0.4474296867847442,0.05,1.65,256.0,fixed,88.06119087386699,89.01477770486046,88.09340558523404,91.71531126775857,0.2458709099254684,-0.0108286842538651
30.0,P17,P17_1,P17_2,P,10.0,manual_external,0.0325958579778671,8.492160141468048,8.524755999445915,3.805011510848999e-05,355.0,0.0,18.0,18.0,0.0518084224853281,0.0,0.1,1.0,0.1,1.0,0.0,0.1851415038108825,0.05,1.65,256.0,fixed,58.4794255311798,57.69800972177161,56.62140341046474,59.07347094784529,0.1593697419345001,0.0133622347058205
30.0,P17,P17_1,P17_2,P,10.0,predict_pair_full,0.0318274199962616,5.826390713453293,5.858218133449554,0.1106120571494102,206.0,0.0,18.0,18.0,0.051810022919033,0.0,0.0925001728150159,1.5410789721209364,0.0925001728150159,1.5410789721209364,0.0,0.1851415038108825,0.05,1.65,256.0,pair_full,58.4794255311798,57.69775631338842,56.62132059353273,59.0733720328692,0.1593690419861167,0.0133665679970744
30.0,P17,P17_1,P17_2,P,10.0,fixed_1_18,0.0081146657466888,26.82998695783317,26.83810162357986,3.1264498829841614e-05,1371.0,0.0,18.0,18.0,0.0518369879277705,0.0,1.0,1.8,1.0,1.8,0.0,0.1851415038108825,0.05,1.65,256.0,fixed,58.4794255311798,57.69871432816243,56.62164381231052,59.073772806613256,0.1593716881530822,0.0133501859145674
30.0,P17,P17_1,P17_2,P,10.0,residual_balance,0.0320735219866037,24.263925494626164,24.295999016612768,3.3620744943618774e-05,1268.0,0.0,18.0,18.0,0.0518537448797142,0.0,1.0,1.0,1.0,1.0,0.0,0.1851415038108825,0.05,1.65,256.0,fixed,58.4794255311798,57.69969468674801,56.621965544010685,59.07416044391927,0.1593743960366911,0.0133334217521861
30.0,P17,P17_1,P17_2,P,10.0,adaptive_bb_proxy,0.0064300056546926,8.766956437379122,8.773386443033814,2.802163362503052e-05,504.0,0.0,18.0,18.0,0.0518088115470819,0.0,1.0,1.0,1.0,1.0,0.0,0.1851415038108825,0.05,1.65,256.0,fixed,58.4794255311798,57.69763775760928,56.62128198136274,59.07332806790463,0.1593687145189472,0.0133685953045944
31.0,P18,P18_1,P18_2,P,10.0,manual_external,0.0198266133666038,6.217438967898488,6.237265581265092,3.516487777233124e-05,440.0,0.0,20.0,21.0,0.0502404704874484,0.0,0.1,1.0,0.1,1.0,0.0,0.5,0.05,1.65,256.0,fixed,58.68225307342259,57.64254843375662,57.56559001406026,59.5073923286369,0.1592165503218098,0.0177175310287776
31.0,P18,P18_1,P18_2,P,10.0,predict_pair_full,0.0095478203147649,4.404183488339186,4.413731308653951,0.0970039907842874,281.0,0.0,20.0,21.0,0.0502444812786695,0.0,0.140152977645347,1.6882550553315323,0.140152977645347,1.6882550553315323,0.0,0.5,0.05,1.65,256.0,pair_full,58.68225307342259,57.64260035979427,57.56562519499835,59.50744928574563,0.1592166937485806,0.0177166461609525
31.0,P18,P18_1,P18_2,P,10.0,fixed_1_18,0.009927837178111,26.031120743602514,26.041048580780625,3.84114682674408e-05,1620.0,0.0,20.0,21.0,0.0502584112171763,0.0,1.0,1.8,1.0,1.8,0.0,0.5,0.05,1.65,256.0,fixed,58.68225307342259,57.64312916250968,57.565994247432094,59.50805342104195,0.1592181543735258,0.0177076348723991
31.0,P18,P18_1,P18_2,P,10.0,residual_balance,0.0092462003231048,15.486376207321882,15.495622407644989,3.782659769058228e-05,1568.0,0.0,20.0,21.0,0.0502876260683335,0.0,1.0,1.0,1.0,1.0,0.0,0.5,0.05,1.65,256.0,fixed,58.68225307342259,57.64369718360187,57.56639899613432,59.508750418789546,0.1592197233249561,0.0176979552663437
31.0,P18,P18_1,P18_2,P,10.0,adaptive_bb_proxy,0.0074125379323959,9.602664737030864,9.61007727496326,7.028505206108093e-05,646.0,0.0,20.0,21.0,0.0502289902381642,0.0,1.0,1.0,1.0,1.0,0.0,0.5,0.05,1.65,256.0,fixed,58.68225307342259,57.64233649655682,57.56544219244014,59.507168573744806,0.1592159649224693,0.0177211426351612
32.0,P19,P19_1,P19_2,P,10.0,manual_external,0.0090276449918746,5.4976279605180025,5.506655605509877,4.256889224052429e-05,427.0,0.0,20.0,22.0,0.0518994813392804,0.0,0.1,1.0,0.1,1.0,0.0,0.2823591828346252,0.05,1.65,256.0,fixed,40.85551770782443,40.63958685629092,40.45119742578693,42.99349636303164,0.1122520603543085,0.0052852310691232
32.0,P19,P19_1,P19_2,P,10.0,predict_pair_full,0.0087275337427854,3.3952017035335302,3.403929237276316,0.0423747841268777,271.0,0.0,20.0,22.0,0.0519088059207768,0.0,0.1112440224253722,1.6039433543858472,0.1112440224253722,1.6039433543858472,0.0,0.2823591828346252,0.05,1.65,256.0,pair_full,40.85551770782443,40.6395684245758,40.451178383458966,42.99349455995431,0.1122520094434072,0.0052856822129626
32.0,P19,P19_1,P19_2,P,10.0,fixed_1_18,0.0249780248850584,15.427531842142344,15.452509867027402,3.589503467082977e-05,1609.0,0.0,20.0,22.0,0.0518565904278859,0.0,1.0,1.8,1.0,1.8,0.0,0.2823591828346252,0.05,1.65,256.0,fixed,40.85551770782443,40.639666825149234,40.45126487719883,42.99348446509389,0.1122522812391601,0.0052832737115177
32.0,P19,P19_1,P19_2,P,10.0,residual_balance,0.0052888412028551,16.918423276394606,16.92371211759746,5.955062806606293e-05,1516.0,0.0,20.0,22.0,0.0518048758001359,0.0,1.0,1.0,1.0,1.0,0.0,0.2823591828346252,0.05,1.65,256.0,fixed,40.85551770782443,40.63977714456966,40.45137770377509,42.99347869823212,0.1122525859563877,0.0052805734784373
32.0,P19,P19_1,P19_2,P,10.0,adaptive_bb_proxy,0.0082170683890581,7.246015414595604,7.254232482984662,3.799237310886383e-05,655.0,0.0,20.0,22.0,0.0519197583712736,0.0,1.0,1.0,1.0,1.0,0.0,0.2823591828346252,0.05,1.65,256.0,fixed,40.85551770782443,40.63953993997541,40.451158334843285,42.99349168163006,0.1122519307650709,0.0052863794162287
33.0,P20,P20_1,P20_2,P,10.0,manual_external,0.008023539558053,6.219923103228211,6.227946642786264,4.3394044041633606e-05,405.0,0.0,20.0,20.0,0.0521872684303607,0.0,0.1,1.0,0.1,1.0,0.0,0.4080396890640259,0.05,1.65,256.0,fixed,52.6396801663892,52.37764286864211,52.72595773339842,54.62235908123139,0.1446741658397814,0.0049779424365764
33.0,P20,P20_1,P20_2,P,10.0,predict_pair_full,0.0080990549176931,7.869302596896887,7.87740165181458,0.0950297974050045,261.0,0.0,20.0,20.0,0.0521830573086249,0.0,0.1294768222703348,1.6586136405482836,0.1294768222703348,1.6586136405482836,0.0,0.4080396890640259,0.05,1.65,256.0,pair_full,52.6396801663892,52.37764796655165,52.72596508993296,54.62236557923666,0.1446741799209002,0.004977845591202
33.0,P20,P20_1,P20_2,P,10.0,fixed_1_18,0.0079516600817441,25.389053924009204,25.397005584090948,3.660842776298523e-05,1500.0,0.0,20.0,20.0,0.0522162801185753,0.0,1.0,1.8,1.0,1.8,0.0,0.4080396890640259,0.05,1.65,256.0,fixed,52.6396801663892,52.37773004410627,52.72605375287135,54.62246369384386,0.1446744066302574,0.0049762863576663
33.0,P20,P20_1,P20_2,P,10.0,residual_balance,0.0085031352937221,16.021666415035725,16.030169550329447,3.479793667793274e-05,1426.0,0.0,20.0,20.0,0.0522641563100847,0.0,1.0,1.0,1.0,1.0,0.0,0.4080396890640259,0.05,1.65,256.0,fixed,52.6396801663892,52.37781194463796,52.72613670110144,54.62255471179151,0.1446746328506533,0.0049747304870487
33.0,P20,P20_1,P20_2,P,10.0,adaptive_bb_proxy,0.0054665021598339,5.74656942486763,5.752035927027464,2.9902905225753784e-05,601.0,0.0,20.0,20.0,0.0521737059089245,0.0,1.0,1.0,1.0,1.0,0.0,0.4080396890640259,0.05,1.65,256.0,fixed,52.6396801663892,52.377631168406594,52.7259429182412,54.6223362840136,0.1446741335221412,0.0049781647068387
34.0,P21,P21_1,P21_2,P,10.0,manual_external,0.0104215275496244,19.62734346091748,19.637764988467097,5.095824599266052e-05,439.0,0.0,22.0,23.0,0.0533400457002844,0.0,0.1,1.0,0.1,1.0,0.0,0.1992072016000747,0.05,1.65,256.0,fixed,75.61008909253678,75.22568786033183,74.36456837956962,77.36882460290902,0.2077835703338405,0.0050839939063619
34.0,P21,P21_1,P21_2,P,10.0,predict_pair_full,0.0096226967871189,12.125853138044477,12.135475834831595,0.1333866529166698,272.0,0.0,23.0,24.0,0.0533582620342649,0.0,0.0955738104312853,1.5519319659139768,0.0955738104312853,1.5519319659139768,0.0,0.1992072016000747,0.05,1.65,256.0,pair_full,75.61008909253678,75.22564881605797,74.36453055315073,77.36880507959698,0.2077834624882514,0.0050845102960968
34.0,P21,P21_1,P21_2,P,10.0,fixed_1_18,0.0338380597531795,60.15416058711708,60.187998646870255,4.615634679794312e-05,1638.0,0.0,22.0,23.0,0.053330384793801,0.0,1.0,1.8,1.0,1.8,0.0,0.1992072016000747,0.05,1.65,256.0,fixed,75.61008909253678,75.2258152139131,74.3646880965101,77.36889788473809,0.2077839221017347,0.0050823095599633
34.0,P21,P21_1,P21_2,P,10.0,residual_balance,0.0105575136840343,63.50539719499648,63.51595470868051,5.115009844303131e-05,1602.0,0.0,22.0,23.0,0.0533357159169111,0.0,1.0,1.0,1.0,1.0,0.0,0.1992072016000747,0.05,1.65,256.0,fixed,75.61008909253678,75.22597525887076,74.3648316988654,77.36898080422556,0.2077843641676522,0.0050801928456519
34.0,P21,P21_1,P21_2,P,10.0,adaptive_bb_proxy,0.009838193655014,27.325342159718275,27.33518035337329,4.613399505615234e-05,672.0,0.0,23.0,24.0,0.0533577790692005,0.0,1.0,1.0,1.0,1.0,0.0,0.1992072016000747,0.05,1.65,256.0,fixed,75.61008909253678,75.22563770371377,74.36451845087633,77.3687975641533,0.207783431794447,0.0050846572651631
35.0,P22,P22_1,P22_2,P,10.0,manual_external,0.0303613934665918,14.753637308254838,14.78399870172143,3.9074569940567017e-05,439.0,0.0,23.0,23.0,0.0516604981396143,0.0,0.1,1.0,0.1,1.0,0.0,0.3886003494262695,0.05,1.65,256.0,fixed,108.44139580694198,108.56155748199824,108.59335168847343,110.44264569578677,0.2998617713738052,-0.0011080793839024
35.0,P22,P22_1,P22_2,P,10.0,predict_pair_full,0.0243430621922016,13.277835752815008,13.30217881500721,0.1097427569329738,307.0,0.0,23.0,23.0,0.0516492903655187,0.0,0.1269710795057069,1.65142077243275,0.1269710795057069,1.65142077243275,0.0,0.3886003494262695,0.05,1.65,256.0,pair_full,108.44139580694198,108.56157168498665,108.59337066686984,110.442673804939,0.2998618106043887,-0.0011082103577642
35.0,P22,P22_1,P22_2,P,10.0,fixed_1_18,0.0460248235613107,57.71222544275224,57.75825026631355,4.955194890499115e-05,1656.0,0.0,23.0,23.0,0.0517465155468261,0.0,1.0,1.8,1.0,1.8,0.0,0.3886003494262695,0.05,1.65,256.0,fixed,108.44139580694198,108.56150086427422,108.59325180447452,110.44249389639305,0.2998616149879591,-0.0011075572795564
35.0,P22,P22_1,P22_2,P,10.0,residual_balance,0.028577160090208,54.82629027031362,54.85486743040383,3.905966877937317e-05,1630.0,0.0,23.0,23.0,0.0518220458501826,0.0,1.0,1.0,1.0,1.0,0.0,0.3886003494262695,0.05,1.65,256.0,fixed,108.44139580694198,108.56145624737852,108.5931493533935,110.44232025608208,0.2998614917500314,-0.0011071458416977
35.0,P22,P22_1,P22_2,P,10.0,adaptive_bb_proxy,0.0081837121397256,25.417899131774902,25.426082843914628,4.377029836177826e-05,688.0,0.0,23.0,23.0,0.0516428126624197,0.0,1.0,1.0,1.0,1.0,0.0,0.3886003494262695,0.05,1.65,256.0,fixed,108.44139580694198,108.5615851759411,108.59339330371112,110.44270571890684,0.299861847868238,-0.0011083347655547
36.0,P23,P23_1,P23_2,P,10.0,manual_external,0.0327027160674333,9.608209514990447,9.640912231057882,2.8081238269805908e-05,350.0,0.0,16.0,17.0,0.0511485299546649,0.0,0.1,1.0,0.1,1.0,0.0,0.3949186205863952,0.05,1.65,256.0,fixed,88.44431171651406,87.77132629674341,88.43035913632042,93.57937982283548,0.2424363281959547,0.0076091430495691
36.0,P23,P23_1,P23_2,P,10.0,predict_pair_full,0.0323377326130867,7.204898722469807,7.237236455082893,0.1118077933788299,229.0,0.0,16.0,17.0,0.0511555457816849,0.0,0.1277962728614967,1.6537999820655365,0.1277962728614967,1.6537999820655365,0.0,0.3949186205863952,0.05,1.65,256.0,pair_full,88.44431171651406,87.77134143731755,88.43038691339189,93.5794739919158,0.2424363700162775,0.0076089718619162
36.0,P23,P23_1,P23_2,P,10.0,fixed_1_18,0.0319586917757988,27.54686904512345,27.578827736899257,2.858974039554596e-05,1355.0,0.0,16.0,17.0,0.0511015602239978,0.0,1.0,1.8,1.0,1.8,0.0,0.3949186205863952,0.05,1.65,256.0,fixed,88.44431171651406,87.77117456081243,88.43008647071787,93.57857250920571,0.2424359090806978,0.0076108586594036
36.0,P23,P23_1,P23_2,P,10.0,residual_balance,0.0057464726269245,28.634693279862404,28.64043975248933,2.538412809371948e-05,1303.0,0.0,16.0,17.0,0.0510379390855481,0.0,1.0,1.0,1.0,1.0,0.0,0.3949186205863952,0.05,1.65,256.0,fixed,88.44431171651406,87.77100072265686,88.4297580590929,93.57753960403886,0.2424354289160938,0.0076128241691372
36.0,P23,P23_1,P23_2,P,10.0,adaptive_bb_proxy,0.0367935672402381,14.370139811187984,14.40693337842822,2.973712980747223e-05,519.0,0.0,16.0,17.0,0.0512025946951839,0.0,1.0,1.0,1.0,1.0,0.0,0.3949186205863952,0.05,1.65,256.0,fixed,88.44431171651406,87.77141171621403,88.43049908764453,93.5797768334468,0.2424365641361379,0.0076081772500851
37.0,P24,P24_1,P24_2,P,10.0,manual_external,0.0324679110199213,5.081873746588826,5.114341657608748,2.167932689189911e-05,261.0,0.0,11.0,13.0,0.0507112120831572,0.0,0.1,1.0,0.1,1.0,0.0,0.297655314207077,0.05,1.65,256.0,fixed,57.97040383621836,58.19050816353908,57.83236384225977,61.38394498148477,0.1607300895434751,-0.0037968396415102
37.0,P24,P24_1,P24_2,P,10.0,predict_pair_full,0.0319392699748277,3.6456483770161854,3.677587646991016,0.1050953026860952,164.0,0.0,11.0,13.0,0.0507138565540178,0.0,0.1137562138794942,1.6118173784344585,0.1137562138794942,1.6118173784344585,0.0,0.297655314207077,0.05,1.65,256.0,pair_full,57.97040383621836,58.19052496033558,57.83237795327037,61.38393795197959,0.1607301359385091,-0.0037971293893019
37.0,P24,P24_1,P24_2,P,10.0,fixed_1_18,0.0322966948151588,16.34130873158574,16.3736054264009,1.8907710909843445e-05,1013.0,0.0,11.0,13.0,0.0506996950798168,0.0,1.0,1.8,1.0,1.8,0.0,0.297655314207077,0.05,1.65,256.0,fixed,57.97040383621836,58.190445754718205,57.83230656166271,61.38398785402136,0.1607299171618327,-0.0037957630780098
37.0,P24,P24_1,P24_2,P,10.0,residual_balance,0.0073538944125175,11.143598528578876,11.150952422991397,1.8611550331115723e-05,940.0,0.0,11.0,13.0,0.0506941573390626,0.0,1.0,1.0,1.0,1.0,0.0,0.297655314207077,0.05,1.65,256.0,fixed,57.97040383621836,58.19037841281559,57.83224596065585,61.38402772677631,0.1607297311543484,-0.003794601417953
37.0,P24,P24_1,P24_2,P,10.0,adaptive_bb_proxy,0.0299413502216339,4.980681316927075,5.010622667148709,1.9259750843048096e-05,396.0,0.0,11.0,13.0,0.0507161613333558,0.0,1.0,1.0,1.0,1.0,0.0,0.297655314207077,0.05,1.65,256.0,fixed,57.97040383621836,58.19054667292591,57.83239763520837,61.38393347722355,0.1607301959116335,-0.0037975039354305
38.0,P25,P25_1,P25_2,P,10.0,manual_external,0.0102926511317491,9.440657448023558,9.450950099155309,3.8994476199150085e-05,416.0,0.0,20.0,21.0,0.0530693945907495,0.0,0.1,1.0,0.1,1.0,0.0,0.4228431582450866,0.05,1.65,256.0,fixed,65.63354208762586,65.7417570819405,65.64853886728203,69.86270100055222,0.181587664999058,-0.0016487757764036
38.0,P25,P25_1,P25_2,P,10.0,predict_pair_full,0.0095824226737022,7.123360620811582,7.132943043485284,0.037266619503498,281.0,0.0,20.0,21.0,0.0530565573044647,0.0,0.1313214056687939,1.663849090912645,0.1313214056687939,1.663849090912645,0.0,0.4228431582450866,0.05,1.65,256.0,pair_full,65.63354208762586,65.74175584497183,65.64853768528064,69.86270560726673,0.1815876615823825,-0.0016487569298104
38.0,P25,P25_1,P25_2,P,10.0,fixed_1_18,0.0094831995666027,26.65784507803619,26.667328277602792,4.155375063419342e-05,1556.0,0.0,20.0,21.0,0.0531132053279943,0.0,1.0,1.8,1.0,1.8,0.0,0.4228431582450866,0.05,1.65,256.0,fixed,65.63354208762586,65.74176204624018,65.64855407468562,69.86262674568256,0.1815876787111282,-0.0016488514130297
38.0,P25,P25_1,P25_2,P,10.0,residual_balance,0.0096067544072866,26.17362267151475,26.18322942592204,4.1387975215911865e-05,1533.0,0.0,20.0,21.0,0.0531732908709028,0.0,1.0,1.0,1.0,1.0,0.0,0.4228431582450866,0.05,1.65,256.0,fixed,65.63354208762586,65.74176418041213,65.64857227592344,69.86254267197285,0.1815876846060011,-0.0016488839295127
38.0,P25,P25_1,P25_2,P,10.0,adaptive_bb_proxy,0.0097807459533214,8.98811573907733,8.997896485030651,3.845617175102234e-05,652.0,0.0,20.0,21.0,0.0530433440479908,0.0,1.0,1.0,1.0,1.0,0.0,0.4228431582450866,0.05,1.65,256.0,fixed,65.63354208762586,65.7417540452543,65.64853041660889,69.86272507648658,0.1815876566113181,-0.0016487295091125
39.0,P26,P26_1,P26_2,P,10.0,manual_external,0.0064988136291503,3.262137446552515,3.2686362601816654,2.797320485115052e-05,365.0,0.0,16.0,17.0,0.0508930260459782,0.0,0.1,1.0,0.1,1.0,0.0,0.5,0.05,1.65,256.0,fixed,75.5806395847509,75.54519597290323,75.78341458322272,77.81663759757336,0.2086660951504161,0.0004689509382745
39.0,P26,P26_1,P26_2,P,10.0,predict_pair_full,0.0067165791988372,2.2784518003463745,2.285168379545212,0.0292703099548816,234.0,0.0,16.0,17.0,0.0508844122784036,0.0,0.140152977645347,1.6882550553315323,0.140152977645347,1.6882550553315323,0.0,0.5,0.05,1.65,256.0,pair_full,75.5806395847509,75.54519508770936,75.78341197414109,77.81663986164921,0.2086660927053904,0.0004689626501874
39.0,P26,P26_1,P26_2,P,10.0,fixed_1_18,0.0066226590424776,15.643864529207349,15.650487188249826,3.0471011996269223e-05,1290.0,0.0,16.0,17.0,0.0507029730596365,0.0,1.0,1.8,1.0,1.8,0.0,0.5,0.05,1.65,256.0,fixed,75.5806395847509,75.54527880570438,75.78346521368019,77.81677713153898,0.2086663239458669,0.0004678549856389
39.0,P26,P26_1,P26_2,P,10.0,residual_balance,0.0090472009032964,16.034102952107787,16.043150153011084,3.295578062534332e-05,1246.0,0.0,16.0,17.0,0.0505002534498776,0.0,1.0,1.0,1.0,1.0,0.0,0.5,0.05,1.65,256.0,fixed,75.5806395847509,75.54536348084733,75.7835210800894,77.8169279875929,0.208666557830116,0.0004667346571605
39.0,P26,P26_1,P26_2,P,10.0,adaptive_bb_proxy,0.0092281606048345,10.663286888971925,10.67251504957676,3.389082849025726e-05,524.0,0.0,16.0,17.0,0.0509344123878837,0.0,1.0,1.0,1.0,1.0,0.0,0.5,0.05,1.65,256.0,fixed,75.5806395847509,75.54518010917823,75.7834002621443,77.81660551911331,0.2086660513326524,0.0004691608296579
40.0,P27,P27_1,P27_2,P,10.0,manual_external,0.0087019186466932,6.993062959983945,7.001764878630638,3.180094063282013e-05,365.0,0.0,16.0,17.0,0.0508930260459782,0.0,0.1,1.0,0.1,1.0,0.0,0.5,0.05,1.65,256.0,fixed,75.33505032552641,75.18658790196208,75.04310839758621,77.10893302770458,0.2076755709365461,0.0019706952198718
40.0,P27,P27_1,P27_2,P,10.0,predict_pair_full,0.0248692315071821,4.829133108258247,4.8540023397654295,0.0610873568803072,234.0,0.0,16.0,17.0,0.0508844122784036,0.0,0.140152977645347,1.6882550553315323,0.140152977645347,1.6882550553315323,0.0,0.5,0.05,1.65,256.0,pair_full,75.33505032552641,75.18658315660339,75.0431044079211,77.1089311898313,0.2076755578292207,0.0019707582099232
40.0,P27,P27_1,P27_2,P,10.0,fixed_1_18,0.0084761288017034,18.72205795906484,18.730534087866545,3.360956907272339e-05,1290.0,0.0,16.0,17.0,0.0507029730596365,0.0,1.0,1.8,1.0,1.8,0.0,0.5,0.05,1.65,256.0,fixed,75.33505032552641,75.18668986616211,75.04313411435975,77.10900393057486,0.2076758525755199,0.0019693417436401
40.0,P27,P27_1,P27_2,P,10.0,residual_balance,0.008544547483325,15.107177838683128,15.115722386166452,3.055669367313385e-05,1246.0,0.0,16.0,17.0,0.0505002534498776,0.0,1.0,1.0,1.0,1.0,0.0,0.5,0.05,1.65,256.0,fixed,75.33505032552641,75.18680450165382,75.04316424120734,77.10907507339832,0.2076761692143228,0.0019678200682551
40.0,P27,P27_1,P27_2,P,10.0,adaptive_bb_proxy,0.0077358111739158,6.120275126770139,6.128010937944055,3.027915954589844e-05,524.0,0.0,16.0,17.0,0.0509344123878837,0.0,1.0,1.0,1.0,1.0,0.0,0.5,0.05,1.65,256.0,fixed,75.33505032552641,75.18656109500212,75.04309787511922,77.10891327316727,0.2076754968920806,0.0019710510563629
41.0,P28,P28_1,P28_2,P,10.0,manual_external,0.0077301245182752,3.8180068004876375,3.825736925005913,2.979487180709839e-05,340.0,0.0,16.0,17.0,0.0528846635945089,0.0,0.1,1.0,0.1,1.0,0.0,0.1890733540058136,0.05,1.65,256.0,fixed,64.44127523327056,64.88604162897732,65.07470768692114,67.06932012219676,0.1792240626570409,-0.0069018869365287
41.0,P28,P28_1,P28_2,P,10.0,predict_pair_full,0.0098963901400566,3.1857057120651007,3.1956021022051573,0.0428584013134241,195.0,0.0,16.0,17.0,0.0529158172616799,0.0,0.0933744517103978,1.544189819243258,0.0933744517103978,1.544189819243258,0.0,0.1890733540058136,0.05,1.65,256.0,pair_full,64.44127523327056,64.88606785379136,65.07474296592602,67.06935473543933,0.1792241350935403,-0.0069022938933114
41.0,P28,P28_1,P28_2,P,10.0,fixed_1_18,0.0080980639904737,17.876383434981108,17.88448149897158,3.076903522014618e-05,1327.0,0.0,16.0,17.0,0.0528632000312635,0.0,1.0,1.8,1.0,1.8,0.0,0.1890733540058136,0.05,1.65,256.0,fixed,64.44127523327056,64.88597171080433,65.07460377718972,67.06921825109919,0.1792238695335477,-0.0069008019460046
41.0,P28,P28_1,P28_2,P,10.0,residual_balance,0.0080277882516384,21.91676036454737,21.92478815279901,3.192201256752014e-05,1266.0,0.0,16.0,17.0,0.0527813865536379,0.0,1.0,1.0,1.0,1.0,0.0,0.1890733540058136,0.05,1.65,256.0,fixed,64.44127523327056,64.8858902209331,65.07447702610565,67.06910279186154,0.1792236444474519,-0.0068995373858149
41.0,P28,P28_1,P28_2,P,10.0,adaptive_bb_proxy,0.006695358082652,7.75847589969635,7.765171257779002,2.8014183044433597e-05,512.0,0.0,16.0,17.0,0.0529453383649857,0.0,1.0,1.0,1.0,1.0,0.0,0.1890733540058136,0.05,1.65,256.0,fixed,64.44127523327056,64.88608124523351,65.07476553559411,67.06937558847936,0.1792241720825229,-0.0069025017017712
42.0,P29,P29_1,P29_2,P,10.0,manual_external,0.0103550534695386,3.737755347043276,3.748110400512816,2.0423904061317444e-05,270.0,0.0,12.0,13.0,0.0520243768837818,0.0,0.1,1.0,0.1,1.0,0.0,0.3944982886314392,0.05,1.65,256.0,fixed,71.16706274899204,70.90337541092285,71.05938852321681,73.32370027463278,0.1958447561018713,0.0037051878760292
42.0,P29,P29_1,P29_2,P,10.0,predict_pair_full,0.0104018840938806,3.395025694742799,3.4054275788366795,0.0443293564021587,177.0,0.0,12.0,13.0,0.0520124027492877,0.0,0.1277417031024347,1.6536429650081574,0.1277417031024347,1.6536429650081574,0.0,0.3944982886314392,0.05,1.65,256.0,pair_full,71.16706274899204,70.90336882793743,71.05937696309407,73.32369009212276,0.1958447379187712,0.0037052803764805
42.0,P29,P29_1,P29_2,P,10.0,fixed_1_18,0.0093787275254726,14.659018220379949,14.66839694790542,2.956390380859375e-05,1057.0,0.0,12.0,13.0,0.0520838510855721,0.0,1.0,1.8,1.0,1.8,0.0,0.3944982886314392,0.05,1.65,256.0,fixed,71.16706274899204,70.90344854313575,71.05948693658566,73.32380294909233,0.1958449581029794,0.0037041602628318
42.0,P29,P29_1,P29_2,P,10.0,residual_balance,0.0094441883265972,11.965604117140174,11.975048305466771,2.452172338962555e-05,1006.0,0.0,12.0,13.0,0.0521734720370382,0.0,1.0,1.0,1.0,1.0,0.0,0.3944982886314392,0.05,1.65,256.0,fixed,71.16706274899204,70.9035285792379,71.059598716197,73.32391835839127,0.1958451791735675,0.003703035640021
42.0,P29,P29_1,P29_2,P,10.0,adaptive_bb_proxy,0.0258227437734603,5.5666788928210735,5.592501636594534,2.584606409072876e-05,415.0,0.0,12.0,13.0,0.0519865442156905,0.0,1.0,1.0,1.0,1.0,0.0,0.3944982886314392,0.05,1.65,256.0,fixed,71.16706274899204,70.90333974292753,71.05933788401929,73.32365437468596,0.1958446575820222,0.0037056890628697
43.0,P30,P30_1,P30_2,P,10.0,manual_external,0.0226842053234577,6.702388850972056,6.725073056295514,3.407895565032959e-05,385.0,0.0,18.0,19.0,0.0558978756338581,0.0,0.1,1.0,0.1,1.0,0.0,0.5,0.05,1.65,256.0,fixed,104.70222532147292,104.33503277054548,104.26894519624403,106.60353188521478,0.2881875358881771,0.0035070176378871
43.0,P30,P30_1,P30_2,P,10.0,predict_pair_full,0.025005904957652,4.0747790690511465,4.099784974008799,0.0388276446610689,255.0,0.0,18.0,19.0,0.0558993579383866,0.0,0.140152977645347,1.6882550553315323,0.140152977645347,1.6882550553315323,0.0,0.5,0.05,1.65,256.0,pair_full,104.70222532147292,104.33503910401858,104.26894708892024,106.60352638282272,0.2881875533820904,0.0035069571475481
43.0,P30,P30_1,P30_2,P,10.0,fixed_1_18,0.0098404847085475,18.268443757668138,18.278284242376685,3.813579678535461e-05,1378.0,0.0,18.0,19.0,0.0559080960126952,0.0,1.0,1.8,1.0,1.8,0.0,0.5,0.05,1.65,256.0,fixed,104.70222532147292,104.33515847583354,104.2690458270479,106.60355771464651,0.2881878831032616,0.0035058170398322
43.0,P30,P30_1,P30_2,P,10.0,residual_balance,0.0068965423852205,12.173149820417166,12.180046362802386,3.17692756652832e-05,1368.0,0.0,18.0,19.0,0.0559283898476625,0.0,1.0,1.0,1.0,1.0,0.0,0.5,0.05,1.65,256.0,fixed,104.70222532147292,104.3353055774393,104.26916581153527,106.60358332086064,0.2881882894178825,0.0035044120877855
43.0,P30,P30_1,P30_2,P,10.0,adaptive_bb_proxy,0.0083135515451431,8.26341058127582,8.271724132820964,5.6996941566467285e-05,583.0,0.0,18.0,19.0,0.0558933056715024,0.0,1.0,1.0,1.0,1.0,0.0,0.5,0.05,1.65,256.0,fixed,104.70222532147292,104.33496113361196,104.26887840490016,106.60350139041296,0.2881873380172339,0.0035077018347443
44.0,P31,P31_1,P31_2,P,10.0,manual_external,0.0082527734339237,4.708821192383766,4.71707396581769,2.831034362316132e-05,292.0,0.0,13.0,13.0,0.0610870890062489,0.0,0.1,1.0,0.1,1.0,0.0,0.5,0.05,1.65,256.0,fixed,104.5429126534211,103.87111981633356,104.02453685878524,106.6755411322164,0.2869061452795696,0.0064260007688483
44.0,P31,P31_1,P31_2,P,10.0,predict_pair_full,0.0251935180276632,4.225120222195983,4.250313740223646,0.0450531393289566,181.0,0.0,13.0,13.0,0.06108908360058,0.0,0.140152977645347,1.6882550553315323,0.140152977645347,1.6882550553315323,0.0,0.5,0.05,1.65,256.0,pair_full,104.5429126534211,103.87111177716396,104.02455473706186,106.67556711761598,0.286906123074291,0.0064260776671227
44.0,P31,P31_1,P31_2,P,10.0,fixed_1_18,0.0089595299214124,18.01481427438557,18.023773804306984,2.562999725341797e-05,1029.0,0.0,13.0,13.0,0.0611019614174597,0.0,1.0,1.8,1.0,1.8,0.0,0.5,0.05,1.65,256.0,fixed,104.5429126534211,103.8710861010418,104.0246617408487,106.67567908526298,0.2869060521533531,0.0064263232707845
44.0,P31,P31_1,P31_2,P,10.0,residual_balance,0.0487363599240779,20.819896863773465,20.868633223697543,2.5268644094467163e-05,989.0,0.0,13.0,13.0,0.0611185863522734,0.0,1.0,1.0,1.0,1.0,0.0,0.5,0.05,1.65,256.0,fixed,104.5429126534211,103.8710495225584,104.02479589640026,106.67580759183026,0.2869059511186123,0.0064266731604372
44.0,P31,P31_1,P31_2,P,10.0,adaptive_bb_proxy,0.008909922093153,10.13556539081037,10.144475312903523,2.388283610343933e-05,411.0,0.0,13.0,13.0,0.0610896044406324,0.0,1.0,1.0,1.0,1.0,0.0,0.5,0.05,1.65,256.0,fixed,104.5429126534211,103.87111351765051,104.02447175607168,106.67550682227396,0.2869061278817513,0.0064260610185857
45.0,P32,P32_1,P32_2,P,10.0,manual_external,0.0086264163255691,7.866832485422492,7.875458901748061,4.146061837673187e-05,412.0,0.0,22.0,22.0,0.0524871099112088,0.0,0.1,1.0,0.1,1.0,0.0,0.201635792851448,0.05,1.65,256.0,fixed,36.543760299708325,36.219858135001495,35.39957332297788,44.20613011024308,0.1000441691440402,0.0088634054637888
45.0,P32,P32_1,P32_2,P,10.0,predict_pair_full,0.0086025707423686,3.676970325410366,3.685572896152735,0.0390475615859031,250.0,0.0,22.0,22.0,0.0523861721337195,0.0,0.0960897995124054,1.5537313410853792,0.0960897995124054,1.5537313410853792,0.0,0.201635792851448,0.05,1.65,256.0,pair_full,36.543760299708325,36.219732537574814,35.399473073461174,44.20607172324451,0.1000438222268835,0.0088668423686297
45.0,P32,P32_1,P32_2,P,10.0,fixed_1_18,0.0087294522672891,14.728426864370704,14.737156316637993,3.905594348907471e-05,1591.0,0.0,22.0,22.0,0.0527249206402158,0.0,1.0,1.8,1.0,1.8,0.0,0.201635792851448,0.05,1.65,256.0,fixed,36.543760299708325,36.22017738741068,35.399836463486075,44.20628785498131,0.1000450509625692,0.00885466929634
45.0,P32,P32_1,P32_2,P,10.0,residual_balance,0.0081021431833505,22.08203914016485,22.090141283348203,4.21181321144104e-05,1541.0,0.0,22.0,22.0,0.0530690076932625,0.0,1.0,1.0,1.0,1.0,0.0,0.201635792851448,0.05,1.65,256.0,fixed,36.543760299708325,36.2205725877007,35.40016598969896,44.20646454689378,0.1000461425594638,0.0088438548566989
45.0,P32,P32_1,P32_2,P,10.0,adaptive_bb_proxy,0.008671298623085,8.34274866618216,8.351419964805245,3.8603320717811584e-05,654.0,0.0,22.0,22.0,0.0523485451947617,0.0,1.0,1.0,1.0,1.0,0.0,0.201635792851448,0.05,1.65,256.0,fixed,36.543760299708325,36.21968483530423,35.39943319207241,44.20604760229892,0.1000436904667311,0.0088681477151566
46.0,P33,P33_1,P33_2,P,10.0,manual_external,0.0096591785550117,8.891735343262553,8.901394521817565,4.167109727859497e-05,424.0,0.0,23.0,23.0,0.0581541832865538,0.0,0.1,1.0,0.1,1.0,0.0,0.2801435589790344,0.05,1.65,256.0,fixed,49.19670608511336,48.43459715936564,48.35948395412014,51.97607853525377,0.1337829378727583,0.0154910559343183
46.0,P33,P33_1,P33_2,P,10.0,predict_pair_full,0.0103228520601987,5.722772346809506,5.733095198869705,0.1071557756513357,284.0,0.0,23.0,23.0,0.0581936941803487,0.0,0.1108719764474383,1.6027671375371877,0.1108719764474383,1.6027671375371877,0.0,0.2801435589790344,0.05,1.65,256.0,pair_full,49.19670608511336,48.43443478044131,48.35941013331025,51.97601483646521,0.1337824893601078,0.015494356539933
46.0,P33,P33_1,P33_2,P,10.0,fixed_1_18,0.0104915909469127,29.389757262542844,29.40024885348976,4.180707037448883e-05,1595.0,0.0,23.0,23.0,0.0581062338530635,0.0,1.0,1.8,1.0,1.8,0.0,0.2801435589790344,0.05,1.65,256.0,fixed,49.19670608511336,48.43508671904059,48.35969884045164,51.97626482449017,0.1337842901030941,0.015481104868202
46.0,P33,P33_1,P33_2,P,10.0,residual_balance,0.0100402794778347,23.15795247256756,23.1679927520454,4.845112562179565e-05,1548.0,0.0,23.0,23.0,0.0580150506836284,0.0,1.0,1.0,1.0,1.0,0.0,0.2801435589790344,0.05,1.65,256.0,fixed,49.19670608511336,48.43568212739417,48.35995548969909,51.97647984955709,0.1337859347018612,0.0154690022621343
46.0,P33,P33_1,P33_2,P,10.0,adaptive_bb_proxy,0.009939506649971,9.07725914940238,9.087198656052353,4.127435386180878e-05,645.0,0.0,23.0,23.0,0.0582154845927785,0.0,1.0,1.0,1.0,1.0,0.0,0.2801435589790344,0.05,1.65,256.0,fixed,49.19670608511336,48.434375036168746,48.35938669741175,51.97599239407866,0.1337823243383099,0.0154955709357191
47.0,P34,P34_1,P34_2,P,10.0,manual_external,0.0066958721727132,3.8245370108634233,3.8312328830361366,2.0055100321769714e-05,344.0,0.0,12.0,14.0,0.0592464396491246,0.0,0.1,1.0,0.1,1.0,0.0,0.5,0.05,1.65,256.0,fixed,85.67811749313847,85.26621679778981,85.46939068211022,87.76323021227397,0.2355168754056229,0.0048075367130077
47.0,P34,P34_1,P34_2,P,10.0,predict_pair_full,0.0064227525144815,2.418038818985224,2.4244615714997053,0.0287881586700677,195.0,0.0,12.0,14.0,0.0592694232221615,0.0,0.140152977645347,1.6882550553315323,0.140152977645347,1.6882550553315323,0.0,0.5,0.05,1.65,256.0,pair_full,85.67811749313847,85.26622930154014,85.46942060994567,87.76325240456234,0.2355169099426801,0.0048073907743398
47.0,P34,P34_1,P34_2,P,10.0,fixed_1_18,0.0064585376530885,16.32949630357325,16.33595484122634,3.046169877052307e-05,1091.0,0.0,12.0,14.0,0.0593157011024318,0.0,1.0,1.8,1.0,1.8,0.0,0.5,0.05,1.65,256.0,fixed,85.67811749313847,85.26628615791321,85.46953945441574,87.7633423740026,0.2355170669877073,0.0048067271699711
47.0,P34,P34_1,P34_2,P,10.0,residual_balance,0.0172848161309957,17.056953912600875,17.07423872873187,2.60528177022934e-05,1081.0,0.0,12.0,14.0,0.0593756603465112,0.0,1.0,1.0,1.0,1.0,0.0,0.5,0.05,1.65,256.0,fixed,85.67811749313847,85.2663476279117,85.46967540674136,87.76343184885982,0.2355172367761947,0.0048060097172506
47.0,P34,P34_1,P34_2,P,10.0,adaptive_bb_proxy,0.0089595634490251,10.639268301427364,10.64822786487639,3.1946226954460144e-05,424.0,0.0,12.0,14.0,0.059229131534783,0.0,1.0,1.0,1.0,1.0,0.0,0.5,0.05,1.65,256.0,fixed,85.67811749313847,85.26621259824148,85.46938112353003,87.76322423367861,0.2355168638058999,0.0048075857284208
48.0,P35,P35_1,P35_2,P,10.0,manual_external,0.0093519873917102,13.698686795309186,13.708038782700896,3.712065517902374e-05,344.0,0.0,19.0,19.0,0.0535810950619356,0.0,0.1,1.0,0.1,1.0,0.0,0.2838744223117828,0.05,1.65,256.0,fixed,82.21058081621287,82.45013380084251,82.0790060588898,84.73053264719594,0.2277384715637262,-0.0029138948083116
48.0,P35,P35_1,P35_2,P,10.0,predict_pair_full,0.0071390364319086,7.084052052348852,7.091191088780761,0.1048348117619752,233.0,0.0,19.0,19.0,0.0535404173471248,0.0,0.1114972436339883,1.6047424018308216,0.1114972436339883,1.6047424018308216,0.0,0.2838744223117828,0.05,1.65,256.0,pair_full,82.21058081621287,82.45011546131602,82.0790005168497,84.73053030202689,0.2277384209074623,-0.0029136717284317
48.0,P35,P35_1,P35_2,P,10.0,fixed_1_18,0.0066657811403274,40.623037569224834,40.62970335036516,3.2357871532440186e-05,1291.0,0.0,19.0,19.0,0.0536898794552122,0.0,1.0,1.8,1.0,1.8,0.0,0.2838744223117828,0.05,1.65,256.0,fixed,82.21058081621287,82.4501690266021,82.07900872340632,84.73052175521336,0.2277385688620601,-0.0029143232903785
48.0,P35,P35_1,P35_2,P,10.0,residual_balance,0.0090138353407382,48.83283033594489,48.84184417128563,3.928132355213165e-05,1294.0,0.0,19.0,19.0,0.0538751235110626,0.0,1.0,1.0,1.0,1.0,0.0,0.2838744223117828,0.05,1.65,256.0,fixed,82.21058081621287,82.45021008277126,82.07900982583726,84.73052281581819,0.2277386822647774,-0.0029148226928734
48.0,P35,P35_1,P35_2,P,10.0,adaptive_bb_proxy,0.0068776551634073,23.09744544513524,23.104323100298643,3.771111369132996e-05,586.0,0.0,19.0,19.0,0.0535317558095619,0.0,1.0,1.0,1.0,1.0,0.0,0.2838744223117828,0.05,1.65,256.0,fixed,82.21058081621287,82.450112507809,82.07900090093923,84.73053118208587,0.2277384127494746,-0.0029136358023138
49.0,P36,P36_1,P36_2,P,10.0,manual_external,0.0315622296184301,14.150395967066288,14.181958196684718,3.2493844628334045e-05,382.0,0.0,19.0,19.0,0.0510309960044976,0.0,0.1,1.0,0.1,1.0,0.0,0.4172522127628326,0.05,1.65,256.0,fixed,72.8579778375098,72.84475670635607,73.25258248011592,75.20985699849244,0.2012071150037055,0.0001814644263694
49.0,P36,P36_1,P36_2,P,10.0,predict_pair_full,0.0079868473112583,9.67031939700246,9.678306244313715,0.1089014466851949,255.0,0.0,19.0,19.0,0.0510330116049414,0.0,0.1306309840010601,1.661895294517882,0.1306309840010601,1.661895294517882,0.0,0.4172522127628326,0.05,1.65,256.0,pair_full,72.8579778375098,72.84475735466991,73.25257894024368,75.20984719420422,0.2012071167944364,0.0001814555280461
49.0,P36,P36_1,P36_2,P,10.0,fixed_1_18,0.0361939929425716,38.49097100272775,38.52716499567032,3.433413803577423e-05,1324.0,0.0,19.0,19.0,0.05092066612884,0.0,1.0,1.8,1.0,1.8,0.0,0.4172522127628326,0.05,1.65,256.0,fixed,72.8579778375098,72.84487761699108,73.25278966503608,75.2102436184483,0.2012074489753068,0.0001798048876531
49.0,P36,P36_1,P36_2,P,10.0,residual_balance,0.032710900530219,47.25897901132703,47.29168991185725,3.896094858646393e-05,1304.0,0.0,19.0,19.0,0.0508200295915988,0.0,1.0,1.0,1.0,1.0,0.0,0.4172522127628326,0.05,1.65,256.0,fixed,72.8579778375098,72.84497276780235,73.25297924562125,75.2106133586031,0.2012077117947751,0.0001784989110931
49.0,P36,P36_1,P36_2,P,10.0,adaptive_bb_proxy,0.0069782193750143,21.488967215642333,21.495945435017347,4.727020859718323e-05,571.0,0.0,19.0,19.0,0.0510462736236031,0.0,1.0,1.0,1.0,1.0,0.0,0.4172522127628326,0.05,1.65,256.0,fixed,72.8579778375098,72.84474480382266,73.25255686783542,75.20980278364895,0.2012070821272911,0.0001816277926026
50.0,P37,P37_1,P37_2,P,10.0,manual_external,0.0056536402553319,10.652630534023046,10.658284174278378,3.4321099519729614e-05,371.0,0.0,20.0,20.0,0.0532121184117212,0.0,0.1,1.0,0.1,1.0,0.0,0.1167957484722137,0.05,1.65,256.0,fixed,34.52897947877851,34.09626173331196,33.36845444993043,38.52746597310718,0.094178507362251,0.0125320166422376
50.0,P37,P37_1,P37_2,P,10.0,predict_pair_full,0.0084220767021179,6.963428677991033,6.971850754693151,0.1090591177344322,208.0,0.0,20.0,20.0,0.053262808370595,0.0,0.0749171377880834,1.4740207268325558,0.0749171377880834,1.4740207268325558,0.0,0.1167957484722137,0.05,1.65,256.0,pair_full,34.52897947877851,34.09607827125362,33.36831117003588,38.52741071667964,0.09417800061512,0.0125373299199862
50.0,P37,P37_1,P37_2,P,10.0,fixed_1_18,0.0073013752698898,37.47154324874282,37.47884462401271,3.378093242645264e-05,1432.0,0.0,20.0,20.0,0.053106571717049,0.0,1.0,1.8,1.0,1.8,0.0,0.1167957484722137,0.05,1.65,256.0,fixed,34.52897947877851,34.09665171328571,33.36875159304279,38.527600179032206,0.0941795845399228,0.0125207223619075
50.0,P37,P37_1,P37_2,P,10.0,residual_balance,0.0321756154298782,39.04701161570847,39.07918723113835,4.471652209758759e-05,1383.0,0.0,20.0,20.0,0.0529835084724072,0.0,1.0,1.0,1.0,1.0,0.0,0.1167957484722137,0.05,1.65,256.0,fixed,34.52897947877851,34.097143635709955,33.36914562798604,38.52775277961794,0.0941809432964931,0.012506475707889
50.0,P37,P37_1,P37_2,P,10.0,adaptive_bb_proxy,0.0448804479092359,17.613113224506378,17.657993672415614,3.544799983501434e-05,600.0,0.0,20.0,20.0,0.0532710479775955,0.0,1.0,1.0,1.0,1.0,0.0,0.1167957484722137,0.05,1.65,256.0,fixed,34.52897947877851,34.09605058503358,33.36828703373568,38.52739954767648,0.0941779241420187,0.0125381317455963
51.0,P38,P38_1,P38_2,P,10.0,manual_external,0.0319609977304935,18.29403663054109,18.32599762827158,4.050135612487793e-05,467.0,0.0,20.0,21.0,0.0693280016254906,0.0,0.1,1.0,0.1,1.0,0.0,0.5,0.05,1.65,256.0,fixed,90.07280502060942,89.61539732970871,88.94902111186906,93.87352319817136,0.24752990293189,0.0050781996940924
51.0,P38,P38_1,P38_2,P,10.0,predict_pair_full,0.0297001283615827,9.490481667220592,9.520181795582175,0.0661403890699148,289.0,0.0,20.0,21.0,0.0693073461612823,0.0,0.140152977645347,1.6882550553315323,0.140152977645347,1.6882550553315323,0.0,0.5,0.05,1.65,256.0,pair_full,90.07280502060942,89.61541149279712,88.94903483675236,93.87355320245716,0.2475299420522644,0.0050780424536421
51.0,P38,P38_1,P38_2,P,10.0,fixed_1_18,0.0324230100959539,64.1379504725337,64.17037348262966,4.35858964920044e-05,1562.0,0.0,20.0,21.0,0.0691271864622694,0.0,1.0,1.8,1.0,1.8,0.0,0.5,0.05,1.65,256.0,fixed,90.07280502060942,89.61553479963456,88.94915883909923,93.87382184746178,0.2475302826425024,0.0050766734850904
51.0,P38,P38_1,P38_2,P,10.0,residual_balance,0.0203504115343093,60.761420683935285,60.7817710954696,4.2144209146499634e-05,1550.0,0.0,20.0,21.0,0.068995722746347,0.0,1.0,1.0,1.0,1.0,0.0,0.5,0.05,1.65,256.0,fixed,90.07280502060942,89.61568422184166,88.949293272321,93.87405657852568,0.2475306953669395,0.0050750145803071
51.0,P38,P38_1,P38_2,P,10.0,adaptive_bb_proxy,0.032857084646821,23.27014602534473,23.30300310999155,4.071928560733795e-05,609.0,0.0,20.0,21.0,0.0693232377711678,0.0,1.0,1.0,1.0,1.0,0.0,0.5,0.05,1.65,256.0,fixed,90.07280502060942,89.61536505768746,88.94900148535564,93.87350927775988,0.2475298137921827,0.0050785579822709
52.0,P39,P39_1,P39_2,P,10.0,manual_external,0.0093490071594715,11.802342975512149,11.811691982671618,3.818981349468231e-05,357.0,0.0,19.0,19.0,0.0515668574192677,0.0,0.1,1.0,0.1,1.0,0.0,0.1146416664123535,0.05,1.65,256.0,fixed,38.97330315104591,38.87171133551667,38.894434188104654,40.56883083581746,0.1073689479752727,0.0026067027251066
52.0,P39,P39_1,P39_2,P,10.0,predict_pair_full,0.0091577973216772,7.418668858706951,7.427826656028628,0.0970282759517431,195.0,0.0,19.0,19.0,0.0515229414381303,0.0,0.0742696766112828,1.47136974001725,0.0742696766112828,1.47136974001725,0.0,0.1146416664123535,0.05,1.65,256.0,pair_full,38.97330315104591,38.871621333235495,38.8943597334641,40.56873294414044,0.107368699376744,0.0026090120567233
52.0,P39,P39_1,P39_2,P,10.0,fixed_1_18,0.0094125755131244,34.34838058799505,34.35779316350818,3.604404628276825e-05,1368.0,0.0,19.0,19.0,0.0516498232230235,0.0,1.0,1.8,1.0,1.8,0.0,0.1146416664123535,0.05,1.65,256.0,fixed,38.97330315104591,38.87191558848246,38.89459904104693,40.56904652793696,0.1073695121497148,0.0026014618820352
52.0,P39,P39_1,P39_2,P,10.0,residual_balance,0.0066312048584222,29.710998352617025,29.717629557475448,2.898648381233216e-05,1320.0,0.0,19.0,19.0,0.051783187090033,0.0,1.0,1.0,1.0,1.0,0.0,0.1146416664123535,0.05,1.65,256.0,fixed,38.97330315104591,38.87216956242845,38.89480295521064,40.56931106419211,0.1073702136602596,0.0025949452687268
52.0,P39,P39_1,P39_2,P,10.0,adaptive_bb_proxy,0.0342462435364723,20.10670591704548,20.140952160581943,5.816854536533356e-05,575.0,0.0,19.0,19.0,0.0515209272526436,0.0,1.0,1.0,1.0,1.0,0.0,0.1146416664123535,0.05,1.65,256.0,fixed,38.97330315104591,38.87160028611972,38.89434190231464,40.56870979328697,0.1073686412417507,0.0026095520960344
53.0,P40,P40_1,P40_2,P,10.0,manual_external,0.019990649074316,12.661451721563935,12.681442370638251,3.85139137506485e-05,419.0,0.0,20.0,20.0,0.0502518672714721,0.0,0.1,1.0,0.1,1.0,0.0,0.3702499866485595,0.05,1.65,256.0,fixed,30.35495100008044,30.76447507450956,30.746997920775744,32.736093630686,0.084975659940743,-0.0134911788995155
53.0,P40,P40_1,P40_2,P,10.0,predict_pair_full,0.0286474227905273,8.229259243234992,8.25790666602552,0.1296860184520483,248.0,0.0,20.0,20.0,0.0502429121749945,0.0,0.1245127523877323,1.6442707099181118,0.1245127523877323,1.6442707099181118,0.0,0.3702499866485595,0.05,1.65,256.0,pair_full,30.35495100008044,30.764455066079528,30.74697815655704,32.736045299323514,0.0849756046747409,-0.0134905197506987
53.0,P40,P40_1,P40_2,P,10.0,fixed_1_18,0.0318985041230917,29.226510556414723,29.25840906053781,3.5356730222702026e-05,1424.0,0.0,20.0,20.0,0.0502002298396355,0.0,1.0,1.8,1.0,1.8,0.0,0.3702499866485595,0.05,1.65,256.0,fixed,30.35495100008044,30.764217214381183,30.746727789056813,32.73541463720446,0.0849749476960345,-0.0134826840701751
53.0,P40,P40_1,P40_2,P,10.0,residual_balance,0.02987826988101,31.876003623008728,31.90588189288973,3.191828727722168e-05,1370.0,0.0,20.0,20.0,0.0501652676314711,0.0,1.0,1.0,1.0,1.0,0.0,0.3702499866485595,0.05,1.65,256.0,fixed,30.35495100008044,30.76399209929725,30.746481641764053,32.734779411079174,0.0849743258975877,-0.0134752679790102
53.0,P40,P40_1,P40_2,P,10.0,adaptive_bb_proxy,0.0242675561457872,16.105753106996417,16.130020663142204,3.4164637327194214e-05,580.0,0.0,20.0,20.0,0.0502546533022458,0.0,1.0,1.0,1.0,1.0,0.0,0.3702499866485595,0.05,1.65,256.0,fixed,30.35495100008044,30.7645155528529,30.74703830746996,32.73618890086807,0.0849757717474269,-0.0134925124000484
54.0,P41,P41_1,P41_2,P,10.0,manual_external,0.0079049449414014,15.058691276237369,15.06659622117877,3.4574419260025024e-05,410.0,0.0,21.0,21.0,0.0516225259537633,0.0,0.1,1.0,0.1,1.0,0.0,0.2775250077247619,0.05,1.65,256.0,fixed,68.79167804296989,68.76461294017008,68.89585240307466,71.77455712916672,0.1899372035768065,0.0003934357115681
54.0,P41,P41_1,P41_2,P,10.0,predict_pair_full,0.0054806042462587,7.63076831959188,7.636248923838139,0.0782074555754661,251.0,0.0,21.0,21.0,0.0516498143127783,0.0,0.1104295165393287,1.6013648605161417,0.1104295165393287,1.6013648605161417,0.0,0.2775250077247619,0.05,1.65,256.0,pair_full,68.79167804296989,68.76460690503458,68.89583493048147,71.77453395138383,0.1899371869069423,0.0003935234421726
54.0,P41,P41_1,P41_2,P,10.0,fixed_1_18,0.0054243467748165,42.26991621032357,42.27534055709839,3.5878270864486694e-05,1486.0,0.0,21.0,21.0,0.0516410447623963,0.0,1.0,1.8,1.0,1.8,0.0,0.2775250077247619,0.05,1.65,256.0,fixed,68.79167804296989,68.76469438284488,68.89611723997348,71.7749455716915,0.1899374285325394,0.0003922518085567
54.0,P41,P41_1,P41_2,P,10.0,residual_balance,0.0079964362084865,48.45394131541252,48.46193775162101,4.045106470584869e-05,1406.0,0.0,21.0,21.0,0.0516204483556896,0.0,1.0,1.0,1.0,1.0,0.0,0.2775250077247619,0.05,1.65,256.0,fixed,68.79167804296989,68.76477523788202,68.89639115601678,71.77533716182141,0.1899376518651373,0.0003910764478235
54.0,P41,P41_1,P41_2,P,10.0,adaptive_bb_proxy,0.0051709599792957,16.418368130922318,16.423539090901613,3.337487578392029e-05,591.0,0.0,21.0,21.0,0.0516542311560362,0.0,1.0,1.0,1.0,1.0,0.0,0.2775250077247619,0.05,1.65,256.0,fixed,68.79167804296989,68.76458789498753,68.8957799017788,71.7744532187408,0.1899371343986096,0.0003937997844221
55.0,P42,P42_1,P42_2,P,10.0,manual_external,0.0052966959774494,11.127533476799726,11.132830172777176,2.8526410460472107e-05,403.0,0.0,21.0,21.0,0.0578540682013235,0.0,0.1,1.0,0.1,1.0,0.0,0.2472797036170959,0.05,1.65,256.0,fixed,69.40774836354024,69.35666793435986,69.37297623974496,72.09341866884117,0.1915725399097243,0.000735947071987
55.0,P42,P42_1,P42_2,P,10.0,predict_pair_full,0.0374596808105707,13.720336128026249,13.757795808836818,0.1296602115035057,247.0,0.0,21.0,21.0,0.0578561649091688,0.0,0.1050884244167533,1.5841329480505617,0.1050884244167533,1.5841329480505617,0.0,0.2472797036170959,0.05,1.65,256.0,pair_full,69.40774836354024,69.35664472138461,69.37291445996566,72.09331644263564,0.1915724757923328,0.0007362815155586
55.0,P42,P42_1,P42_2,P,10.0,fixed_1_18,0.0319612473249435,48.02549271844328,48.05745396576822,4.408322274684906e-05,1498.0,0.0,21.0,21.0,0.0578705816559214,0.0,1.0,1.8,1.0,1.8,0.0,0.2472797036170959,0.05,1.65,256.0,fixed,69.40774836354024,69.35677167063398,69.3732395209294,72.09386316848367,0.1915728264434074,0.0007344524798622
55.0,P42,P42_1,P42_2,P,10.0,residual_balance,0.0056869201362133,41.968032555654645,41.97371947579086,4.040263593196869e-05,1415.0,0.0,21.0,21.0,0.0578861126243257,0.0,1.0,1.0,1.0,1.0,0.0,0.2472797036170959,0.05,1.65,256.0,fixed,69.40774836354024,69.35688894594429,69.37354957529301,72.09437905126165,0.191573150373748,0.0007327628225388
55.0,P42,P42_1,P42_2,P,10.0,adaptive_bb_proxy,0.0323380138725042,23.271942630410194,23.3042806442827,3.83276492357254e-05,584.0,0.0,21.0,21.0,0.0578562572751002,0.0,1.0,1.0,1.0,1.0,0.0,0.2472797036170959,0.05,1.65,256.0,fixed,69.40774836354024,69.35662372075214,69.37286269352313,72.0932301104627,0.1915724177857327,0.0007365840845507
56.0,P43,P43_1,P43_2,P,10.0,manual_external,0.0077197924256324,6.082470508292317,6.09019030071795,2.87666916847229e-05,404.0,0.0,17.0,18.0,0.0511430801455826,0.0,0.1,1.0,0.1,1.0,0.0,0.5,0.05,1.65,256.0,fixed,68.55421556549092,68.33773338297178,67.90351348764666,70.00210701860495,0.1887581042422564,0.0031578245150121
56.0,P43,P43_1,P43_2,P,10.0,predict_pair_full,0.0092670004814863,3.39119484834373,3.4004618488252163,0.0369519311934709,260.0,0.0,17.0,18.0,0.0511494077392805,0.0,0.140152977645347,1.6882550553315323,0.140152977645347,1.6882550553315323,0.0,0.5,0.05,1.65,256.0,pair_full,68.55421556549092,68.33772711789814,67.9034989726144,70.00207688415705,0.1887580869372718,0.00315791590361
56.0,P43,P43_1,P43_2,P,10.0,fixed_1_18,0.0092637967318296,18.4807764980942,18.49004029482603,3.018788993358612e-05,1484.0,0.0,17.0,18.0,0.0511235265329456,0.0,1.0,1.8,1.0,1.8,0.0,0.5,0.05,1.65,256.0,fixed,68.55421556549092,68.33775135610465,67.90371137173604,70.00249752476466,0.1887581538864913,0.0031575623410127
56.0,P43,P43_1,P43_2,P,10.0,residual_balance,0.0093253087252378,16.190764294937253,16.20008960366249,2.9437243938446045e-05,1418.0,0.0,17.0,18.0,0.051092886058954,0.0,1.0,1.0,1.0,1.0,0.0,0.5,0.05,1.65,256.0,fixed,68.55421556549092,68.33775126143858,67.90394454117705,70.00296998250242,0.1887581536250107,0.0031575637219061
56.0,P43,P43_1,P43_2,P,10.0,adaptive_bb_proxy,0.0097046438604593,5.05445191450417,5.06415655836463,2.8422102332115173e-05,560.0,0.0,17.0,18.0,0.0511577208266779,0.0,1.0,1.0,1.0,1.0,0.0,0.5,0.05,1.65,256.0,fixed,68.55421556549092,68.33774639122737,67.90343837156887,70.00193151848579,0.1887581401728257,0.0031576347636528
57.0,P44,P44_1,P44_2,P,10.0,manual_external,0.0059914402663707,3.7120528668165207,3.718044307082892,2.770870923995972e-05,413.0,0.0,20.0,21.0,0.0505701901148248,0.0,0.1,1.0,0.1,1.0,0.0,0.2441573590040207,0.05,1.65,256.0,fixed,68.47943824729522,67.99739231545621,68.54695610854645,71.35155800072663,0.1878180359736762,0.0070392798798848
57.0,P44,P44_1,P44_2,P,10.0,predict_pair_full,0.0060943327844142,2.4664381351321936,2.472532467916608,0.0273760184645652,247.0,0.0,20.0,21.0,0.0505731280456285,0.0,0.1045112147437873,1.5822359629730918,0.1045112147437873,1.5822359629730918,0.0,0.2441573590040207,0.05,1.65,256.0,pair_full,68.47943824729522,67.99730306085065,68.54690455639005,71.35148737567103,0.1878177894403292,0.0070405832580643
57.0,P44,P44_1,P44_2,P,10.0,fixed_1_18,0.0057776570320129,13.103425504639745,13.109203161671758,3.131292760372162e-05,1587.0,0.0,20.0,21.0,0.0505905410000762,0.0,1.0,1.8,1.0,1.8,0.0,0.2441573590040207,0.05,1.65,256.0,fixed,68.47943824729522,67.99779132892067,68.54720552397069,71.35192451472162,0.1878191381030766,0.0070334531167765
57.0,P44,P44_1,P44_2,P,10.0,residual_balance,0.0056837238371372,14.441533805802464,14.447217529639602,2.661347389221192e-05,1499.0,0.0,20.0,21.0,0.050609937573646,0.0,1.0,1.0,1.0,1.0,0.0,0.2441573590040207,0.05,1.65,256.0,fixed,68.47943824729522,67.99832876040972,68.54752642631968,71.35238084190819,0.187820622561867,0.00702560504584
57.0,P44,P44_1,P44_2,P,10.0,adaptive_bb_proxy,0.0075810998678207,9.173656668514012,9.181237768381834,6.081908941268921e-05,594.0,0.0,20.0,21.0,0.0505678749477345,0.0,1.0,1.0,1.0,1.0,0.0,0.2441573590040207,0.05,1.65,256.0,fixed,68.47943824729522,67.99718714617251,68.54682624367513,71.3513692032615,0.1878174692682395,0.007042275951245
58.0,P45,P45_1,P45_2,P,10.0,manual_external,0.0080064442008733,5.199965117499232,5.207971561700106,3.607198596000672e-05,436.0,0.0,23.0,23.0,0.053171294521629,0.0,0.1,1.0,0.1,1.0,0.0,0.2775250077247619,0.05,1.65,256.0,fixed,44.53709265282096,44.45395808847918,44.24649389937332,45.00200310767627,0.1227878719333836,0.001866636535771
58.0,P45,P45_1,P45_2,P,10.0,predict_pair_full,0.007918294519186,3.554489938542247,3.562408233061433,0.0370487030595541,268.0,0.0,23.0,23.0,0.0531650515478042,0.0,0.1104295165393287,1.6013648605161417,0.1104295165393287,1.6013648605161417,0.0,0.2775250077247619,0.05,1.65,256.0,pair_full,44.53709265282096,44.45395055917104,44.24645564785136,45.0019609417589,0.1227878511364115,0.0018668055927907
58.0,P45,P45_1,P45_2,P,10.0,fixed_1_18,0.0078163687139749,16.45446003600955,16.462276404723525,3.800168633460999e-05,1621.0,0.0,23.0,23.0,0.0532070790366862,0.0,1.0,1.8,1.0,1.8,0.0,0.2775250077247619,0.05,1.65,256.0,fixed,44.53709265282096,44.45412690242056,44.24694458741945,45.00258384250204,0.1227883382204254,0.0018628461235253
58.0,P45,P45_1,P45_2,P,10.0,residual_balance,0.0076938550919294,14.657109096646307,14.664802951738238,3.976188600063324e-05,1529.0,0.0,23.0,23.0,0.0532448397859523,0.0,1.0,1.0,1.0,1.0,0.0,0.2775250077247619,0.05,1.65,256.0,fixed,44.53709265282096,44.45429376026442,44.24746043045911,45.00321705914189,0.1227887991044601,0.0018590996319175
58.0,P45,P45_1,P45_2,P,10.0,adaptive_bb_proxy,0.005237266421318,6.477237792685628,6.482475059106946,3.4436583518981934e-05,649.0,0.0,23.0,23.0,0.0531610155762207,0.0,1.0,1.0,1.0,1.0,0.0,0.2775250077247619,0.05,1.65,256.0,fixed,44.53709265282096,44.45390344941046,44.24633429989586,45.00180603893657,0.1227877210128523,0.0018678633574037
59.0,P46,P46_1,P46_2,P,10.0,manual_external,0.0057069770991802,2.7339081838727,2.73961516097188,2.899207174777985e-05,399.0,0.0,21.0,21.0,0.0500634121800769,0.0,0.1,1.0,0.1,1.0,0.0,0.2472797036170959,0.05,1.65,256.0,fixed,45.12928460388716,44.816754923042,44.540280827279,45.31945040285802,0.1237899660814788,0.0069252079573013
59.0,P46,P46_1,P46_2,P,10.0,predict_pair_full,0.0054588485509157,1.7564520370215178,1.7619108855724337,0.025675494223833,239.0,0.0,21.0,21.0,0.0500750612452153,0.0,0.1050884244167533,1.5841329480505617,0.1050884244167533,1.5841329480505617,0.0,0.2472797036170959,0.05,1.65,256.0,pair_full,45.12928460388716,44.81664435611299,44.54017178045114,45.3192774531351,0.1237896606805988,0.0069276579613282
59.0,P46,P46_1,P46_2,P,10.0,fixed_1_18,0.0055794734507799,9.18459407798946,9.19017355144024,2.937763929367065e-05,1503.0,0.0,21.0,21.0,0.0500918446159603,0.0,1.0,1.8,1.0,1.8,0.0,0.2472797036170959,0.05,1.65,256.0,fixed,45.12928460388716,44.81725787771612,44.54078254294426,45.32027936972703,0.1237913553106221,0.006914063205539
59.0,P46,P46_1,P46_2,P,10.0,residual_balance,0.0052642319351434,8.750768894329667,8.75603312626481,2.960115671157837e-05,1405.0,0.0,21.0,21.0,0.0500956661896552,0.0,1.0,1.0,1.0,1.0,0.0,0.2472797036170959,0.05,1.65,256.0,fixed,45.12928460388716,44.81783889760776,44.5413842597393,45.32126832509287,0.1237929601665026,0.0069011886409023
59.0,P46,P46_1,P46_2,P,10.0,adaptive_bb_proxy,0.0054177809506654,3.934032240882516,3.939450021833181,2.7261674404144287e-05,588.0,0.0,21.0,21.0,0.0500645092983936,0.0,1.0,1.0,1.0,1.0,0.0,0.2472797036170959,0.05,1.65,256.0,fixed,45.12928460388716,44.81652702175055,44.54005360377976,45.31908482415682,0.1237893365871482,0.0069302579219406
60.0,P47,P47_1,P47_2,P,10.0,manual_external,0.007255770266056,5.0042541939765215,5.0115099642425776,3.0236318707466125e-05,408.0,0.0,17.0,19.0,0.0510379192696727,0.0,0.1,1.0,0.1,1.0,0.0,0.5,0.05,1.65,256.0,fixed,43.766501420377885,43.55767936713782,43.426772244432485,44.53734938340898,0.1203122283330176,0.0047712758951262
60.0,P47,P47_1,P47_2,P,10.0,predict_pair_full,0.0093987844884395,4.509213380515575,4.518612165004015,0.0853370036929845,271.0,0.0,17.0,19.0,0.0510378142736838,0.0,0.140152977645347,1.6882550553315323,0.140152977645347,1.6882550553315323,0.0,0.5,0.05,1.65,256.0,pair_full,43.766501420377885,43.557682091231,43.426777941290176,44.53735648771202,0.1203122358573331,0.0047712136536153
60.0,P47,P47_1,P47_2,P,10.0,fixed_1_18,0.0091617256402969,16.986282600089908,16.995444325730205,3.279559314250946e-05,1559.0,0.0,17.0,19.0,0.0510225670071665,0.0,1.0,1.8,1.0,1.8,0.0,0.5,0.05,1.65,256.0,fixed,43.766501420377885,43.55777021935579,43.42695602645769,44.53754463521594,0.1203124792791872,0.0047692000559567
60.0,P47,P47_1,P47_2,P,10.0,residual_balance,0.0101991668343544,15.303381249308586,15.31358041614294,2.901628613471985e-05,1475.0,0.0,17.0,19.0,0.0510024425218299,0.0,1.0,1.0,1.0,1.0,0.0,0.5,0.05,1.65,256.0,fixed,43.766501420377885,43.557861652517246,43.42716009056086,44.53775474867968,0.1203127318300016,0.0047671109430851
60.0,P47,P47_1,P47_2,P,10.0,adaptive_bb_proxy,0.0073929447680711,5.581682525575161,5.589075470343232,2.9431656002998352e-05,602.0,0.0,17.0,19.0,0.0510459411460729,0.0,1.0,1.0,1.0,1.0,0.0,0.5,0.05,1.65,256.0,fixed,43.766501420377885,43.55769505342923,43.42671152444192,44.53728174489661,0.1203122716606857,0.0047709174865055
61.0,P48,P48_1,P48_2,P,10.0,manual_external,0.0059517957270145,1.8542627468705173,1.8602145425975325,2.392195165157318e-05,361.0,0.0,18.0,18.0,0.054231974162577,0.0,0.1,1.0,0.1,1.0,0.0,0.2441573590040207,0.05,1.65,256.0,fixed,44.0465877386455,43.86056618311554,43.5689729094737,45.0125880389622,0.1211488428701655,0.0042232909535405
61.0,P48,P48_1,P48_2,P,10.0,predict_pair_full,0.005908640101552,1.2054184898734093,1.2113271299749613,0.0264941900968551,208.0,0.0,18.0,18.0,0.0542337848150518,0.0,0.1045112147437873,1.5822359629730918,0.1045112147437873,1.5822359629730918,0.0,0.2441573590040207,0.05,1.65,256.0,pair_full,44.0465877386455,43.8605622063636,43.56893986869365,45.012548467057165,0.1211488318858363,0.0042233812386716
61.0,P48,P48_1,P48_2,P,10.0,fixed_1_18,0.0058041047304868,6.110460914671421,6.116265019401908,2.308562397956848e-05,1390.0,0.0,18.0,18.0,0.0542572038699034,0.0,1.0,1.8,1.0,1.8,0.0,0.2441573590040207,0.05,1.65,256.0,fixed,44.0465877386455,43.86061732587751,43.56921452055082,45.01289171002354,0.1211489841334225,0.0042221298474347
61.0,P48,P48_1,P48_2,P,10.0,residual_balance,0.0059136617928743,5.840212618932128,5.846126280725002,2.3014843463897705e-05,1291.0,0.0,18.0,18.0,0.0542763517572206,0.0,1.0,1.0,1.0,1.0,0.0,0.2441573590040207,0.05,1.65,256.0,fixed,44.0465877386455,43.86066429478479,43.5694985032026,45.01320688912288,0.1211491138679258,0.0042210635013295
61.0,P48,P48_1,P48_2,P,10.0,adaptive_bb_proxy,0.0058917514979839,2.591623671352864,2.5975154228508472,2.603605389595032e-05,519.0,0.0,18.0,18.0,0.0542333193281972,0.0,1.0,1.0,1.0,1.0,0.0,0.2441573590040207,0.05,1.65,256.0,fixed,44.0465877386455,43.86054258179385,43.56885150970734,45.01244191748122,0.1211487776801084,0.0042238267798759
62.0,P49,P49_1,P49_2,P,10.0,manual_external,0.0059609245508909,2.3576316870749,2.3635926116257906,2.340786159038544e-05,397.0,0.0,19.0,19.0,0.0522113139779796,0.0,0.1,1.0,0.1,1.0,0.0,0.5,0.05,1.65,256.0,fixed,58.04265914363216,58.07534661588932,58.12114249055278,61.34273221394672,0.1604119977025568,-0.000563162900157
62.0,P49,P49_1,P49_2,P,10.0,predict_pair_full,0.0057706478983163,1.648266838863492,1.6540374867618084,0.0263759233057498,255.0,0.0,19.0,19.0,0.0522143591591963,0.0,0.140152977645347,1.6882550553315323,0.140152977645347,1.6882550553315323,0.0,0.5,0.05,1.65,256.0,pair_full,58.04265914363216,58.07535018793215,58.12114421940532,61.342719138937,0.1604120075690244,-0.0005632244418383
62.0,P49,P49_1,P49_2,P,10.0,fixed_1_18,0.0057473853230476,9.391404550522566,9.397151935845612,2.690963447093964e-05,1396.0,0.0,19.0,19.0,0.0522709627891074,0.0,1.0,1.8,1.0,1.8,0.0,0.5,0.05,1.65,256.0,fixed,58.04265914363216,58.07541242390729,58.12116718632005,61.34251323121478,0.1604121794732434,-0.0005642966872532
62.0,P49,P49_1,P49_2,P,10.0,residual_balance,0.0080231390893459,11.570860210806131,11.578883349895476,4.994496703147888e-05,1295.0,0.0,19.0,19.0,0.0523459293732705,0.0,1.0,1.0,1.0,1.0,0.0,0.5,0.05,1.65,256.0,fixed,58.04265914363216,58.0754878861742,58.12119782200633,61.34226976164413,0.1604123879102772,-0.0005655968045812
62.0,P49,P49_1,P49_2,P,10.0,adaptive_bb_proxy,0.0081515461206436,4.984036576002836,4.99218812212348,3.210455179214477e-05,562.0,0.0,19.0,19.0,0.0521994309075504,0.0,1.0,1.0,1.0,1.0,0.0,0.5,0.05,1.65,256.0,fixed,58.04265914363216,58.07533748672693,58.12114076517131,61.34277604537163,0.16041197248657,-0.000563005616488
63.0,S01,S01_1,S01_2,S,10.0,manual_external,0.0069123301655054,11.571999875828624,11.57891220599413,3.395974636077881e-05,443.0,0.0,24.0,24.0,0.2652509877817847,0.0,0.1,1.0,0.1,1.0,0.0,0.245005190372467,0.05,1.65,256.0,fixed,14.5481451342701,14.580920338430548,14.146679760635902,16.536006018065432,0.0402744829970511,-0.0022528785530355
63.0,S01,S01_1,S01_2,S,10.0,predict_pair_full,0.0065580178052186,7.379984557628632,7.38654257543385,0.0990250427275896,272.0,0.0,24.0,24.0,0.265233686993198,0.0,0.1046684566743434,1.582753425345888,0.1046684566743434,1.582753425345888,0.0,0.245005190372467,0.05,1.65,256.0,pair_full,14.5481451342701,14.580967077488753,14.14661434782622,16.536007066416893,0.04027461209668,-0.0022560912690052
63.0,S01,S01_1,S01_2,S,10.0,fixed_1_18,0.0062190964818,39.78182180970907,39.78804090619087,3.3037737011909485e-05,1619.0,0.0,24.0,24.0,0.265286351534342,0.0,1.0,1.8,1.0,1.8,0.0,0.245005190372467,0.05,1.65,256.0,fixed,14.5481451342701,14.580784043704426,14.146981795512549,16.536030312725376,0.0402741065325,-0.0022435100235862
63.0,S01,S01_1,S01_2,S,10.0,residual_balance,0.0068507734686136,38.27347640134394,38.28032717481256,4.729442298412323e-05,1532.0,0.0,24.0,24.0,0.2653380040657397,0.0,1.0,1.0,1.0,1.0,0.0,0.245005190372467,0.05,1.65,256.0,fixed,14.5481451342701,14.580592456905332,14.147305636257313,16.53604176181289,0.0402735773437311,-0.0022303408671526
63.0,S01,S01_1,S01_2,S,10.0,adaptive_bb_proxy,0.0064654313027858,20.813243318349123,20.81970874965191,3.809481859207153e-05,665.0,0.0,24.0,24.0,0.2652263425964108,0.0,1.0,1.0,1.0,1.0,0.0,0.245005190372467,0.05,1.65,256.0,fixed,14.5481451342701,14.580980635011418,14.146575394011908,16.53600540989089,0.0402746495443996,-0.0022570231763061
64.0,S02,S02_1,S02_2,S,10.0,manual_external,0.0289304796606302,17.08691668882966,17.11584716849029,4.871748387813568e-05,452.0,0.0,24.0,24.0,0.5578880713447794,0.0,0.1,1.0,0.1,1.0,0.0,0.2584714293479919,0.05,1.65,256.0,fixed,6.714483051694021,6.65589903476444,6.294512671387674,9.293200521904993,0.018384497431152,0.0087250226829885
64.0,S02,S02_1,S02_2,S,10.0,predict_pair_full,0.0289216004312038,10.396757567301393,10.425679167732596,0.1363334506750106,269.0,0.0,24.0,24.0,0.5578973665985627,0.0,0.1071162356537715,1.59074270790548,0.1071162356537715,1.59074270790548,0.0,0.2584714293479919,0.05,1.65,256.0,pair_full,6.714483051694021,6.655873521909193,6.294474898252032,9.29318433712255,0.0183844269611796,0.0087288223582652
64.0,S02,S02_1,S02_2,S,10.0,fixed_1_18,0.0061934683471918,50.932905623689294,50.939099092036486,3.8508325815200806e-05,1549.0,0.0,24.0,24.0,0.5577686602999834,0.0,1.0,1.8,1.0,1.8,0.0,0.2584714293479919,0.05,1.65,256.0,fixed,6.714483051694021,6.656381928354589,6.295022170340042,9.293491322226414,0.0183858312488559,0.0086531044747762
64.0,S02,S02_1,S02_2,S,10.0,residual_balance,0.0261836908757686,47.35480062663555,47.38098431751132,3.640912473201752e-05,1460.0,0.0,24.0,24.0,0.5576377106940138,0.0,1.0,1.0,1.0,1.0,0.0,0.2584714293479919,0.05,1.65,256.0,fixed,6.714483051694021,6.656805450013685,6.295536806151415,9.293755904449364,0.0183870010732197,0.0085900286347101
64.0,S02,S02_1,S02_2,S,10.0,adaptive_bb_proxy,0.0322695467621088,25.115724639967084,25.147994186729196,4.737824201583862e-05,650.0,0.0,24.0,24.0,0.5579144394736205,0.0,1.0,1.0,1.0,1.0,0.0,0.2584714293479919,0.05,1.65,256.0,fixed,6.714483051694021,6.655815003683258,6.294409070865077,9.293148072459005,0.018384265325889,0.0087375375825772
65.0,S03,S03_1,S03_2,S,10.0,manual_external,0.0269085001200437,8.822566412389278,8.849474912509322,0.0001584682613611,427.0,0.0,24.0,24.0,0.1449913323264839,0.0,0.1,1.0,0.1,1.0,0.0,0.2584714293479919,0.05,1.65,256.0,fixed,21.12612442836216,21.553055199656832,20.80992227042814,25.353852856268187,0.0595324667459582,-0.0202086649987014
65.0,S03,S03_1,S03_2,S,10.0,predict_pair_full,0.0073958747088909,7.069588415324688,7.076984290033579,0.0269993599504232,270.0,0.0,24.0,24.0,0.1448735590499446,0.0,0.1071162356537715,1.59074270790548,0.1071162356537715,1.59074270790548,0.0,0.2584714293479919,0.05,1.65,256.0,pair_full,21.12612442836216,21.553042418587204,20.80987922117705,25.353923816051083,0.0595324314429074,-0.0202080600098557
65.0,S03,S03_1,S03_2,S,10.0,fixed_1_18,0.0137172695249319,16.22620937600732,16.23992664553225,5.366280674934387e-05,1609.0,0.0,24.0,24.0,0.1453224706967935,0.0,1.0,1.8,1.0,1.8,0.0,0.2584714293479919,0.05,1.65,256.0,fixed,21.12612442836216,21.55312017342244,20.81007866093044,25.35359204273275,0.0595326462123265,-0.0202117405162118
65.0,S03,S03_1,S03_2,S,10.0,residual_balance,0.0065651442855596,11.245089080184698,11.251654224470258,3.700330853462219e-05,1488.0,0.0,24.0,24.0,0.1458553952422731,0.0,1.0,1.0,1.0,1.0,0.0,0.2584714293479919,0.05,1.65,256.0,fixed,21.12612442836216,21.55313390293353,20.81025155440934,25.353259774412304,0.0595326841351014,-0.020212390399305
65.0,S03,S03_1,S03_2,S,10.0,adaptive_bb_proxy,0.0070354305207729,6.201202515512705,6.208237946033478,4.038028419017792e-05,742.0,0.0,24.0,24.0,0.1448098918822139,0.0,1.0,1.0,1.0,1.0,0.0,0.2584714293479919,0.05,1.65,256.0,fixed,21.12612442836216,21.553022121288613,20.80984271217148,25.353972920114607,0.0595323753790111,-0.0202070992421268
66.0,S04,S04_1,S04_2,S,10.0,manual_external,0.0059646070003509,3.677368644624949,3.6833332516253,3.417395055294037e-05,448.0,0.0,24.0,24.0,0.360252886119785,0.0,0.1,1.0,0.1,1.0,0.0,0.4712114334106445,0.05,1.65,256.0,fixed,1.816010193314957,1.511993305287469,1.5205696333353225,2.284396324387614,0.0041763309346774,0.1674092409544058
66.0,S04,S04_1,S04_2,S,10.0,predict_pair_full,0.0059465821832418,2.619468940421939,2.6254155226051807,0.026357639580965,304.0,0.0,24.0,24.0,0.3602606654737432,0.0,0.1370006622975898,1.6796650505327142,0.1370006622975898,1.6796650505327142,0.0,0.4712114334106445,0.05,1.65,256.0,pair_full,1.816010193314957,1.5120384157566007,1.520567600999897,2.2843892420846728,0.004176455535922,0.1673844005271341
66.0,S04,S04_1,S04_2,S,10.0,fixed_1_18,0.0056191347539424,24.52319249324501,24.528811627998948,6.334856152534485e-05,1607.0,0.0,24.0,24.0,0.3600999449956458,0.0,1.0,1.8,1.0,1.8,0.0,0.4712114334106445,0.05,1.65,256.0,fixed,1.816010193314957,1.5115456307926587,1.520765999798181,2.284630772892396,0.0041750943968999,0.1676557563629965
66.0,S04,S04_1,S04_2,S,10.0,residual_balance,0.0315745938569307,18.862096656113863,18.8936712499708,9.976141154766084e-05,1566.0,0.0,24.0,24.0,0.3599166076014217,0.0,1.0,1.0,1.0,1.0,0.0,0.4712114334106445,0.05,1.65,256.0,fixed,1.816010193314957,1.5109191495079357,1.5209412090017556,2.2848487373309254,0.0041733639704752,0.1680007331076365
66.0,S04,S04_1,S04_2,S,10.0,adaptive_bb_proxy,0.0080519467592239,5.717324988916516,5.72537693567574,3.082863986492157e-05,688.0,0.0,24.0,24.0,0.3603697666409378,0.0,1.0,1.0,1.0,1.0,0.0,0.4712114334106445,0.05,1.65,256.0,fixed,1.816010193314957,1.512261073070207,1.5205410231223502,2.2843289966193434,0.0041770705456733,0.1672617925624729
10.0,A11,A11_1,A11_2,A,10.0,manual_external,0.016467347741127,8.713709717616439,8.730177065357566,0.0001543778926134,444.0,0.0,24.0,24.0,0.1643443930028378,0.0,0.1,1.0,0.1,1.0,0.0,0.157171219587326,0.05,1.65,256.0,fixed,4.3288367977838345,3.2625778376479744,3.6492396559721394,6.259247067855429,0.0090116832544915,0.24631535212473
10.0,A11,A11_1,A11_2,A,10.0,predict_pair_full,0.0099739469587802,4.784696916118264,4.7946708630770445,0.0400846004486084,256.0,0.0,24.0,24.0,0.1643738469211022,0.0,0.0859026269767134,1.516961964516096,0.0859026269767134,1.516961964516096,0.0,0.157171219587326,0.05,1.65,256.0,pair_full,4.3288367977838345,3.262229300512025,3.649094497903139,6.259164415950631,0.0090107205475683,0.2463958673190489
10.0,A11,A11_1,A11_2,A,10.0,fixed_1_18,0.0214372519403696,16.08874048292637,16.11017773486674,4.178844392299652e-05,1689.0,0.0,24.0,24.0,0.1642595393411109,0.0,1.0,1.8,1.0,1.8,0.0,0.157171219587326,0.05,1.65,256.0,fixed,4.3288367977838345,3.263450602199278,3.649639407757141,6.259497892817009,0.0090140939487594,0.2461137357108815
10.0,A11,A11_1,A11_2,A,10.0,residual_balance,0.0067489650100469,11.50343358889222,11.510182553902268,3.2724812626838684e-05,1559.0,0.0,24.0,24.0,0.1641460929861872,0.0,1.0,1.0,1.0,1.0,0.0,0.157171219587326,0.05,1.65,256.0,fixed,4.3288367977838345,3.264691605841384,3.650158178783765,6.2597512181544905,0.0090175217694267,0.2458270527750085
10.0,A11,A11_1,A11_2,A,10.0,adaptive_bb_proxy,0.0062699690461158,6.462492296472192,6.468762265518308,2.930685877799988e-05,700.0,0.0,24.0,24.0,0.1644147904424408,0.0,1.0,1.0,1.0,1.0,0.0,0.157171219587326,0.05,1.65,256.0,fixed,4.3288367977838345,3.2620991451911587,3.6490316122025503,6.259128085882989,0.0090103610408887,0.246425934361755
27.0,P14,P14_1,P14_2,P,10.0,manual_external,0.0086883511394262,4.287289492785931,4.295977843925357,6.401538848876953e-05,314.0,0.0,16.0,16.0,0.0514922474013576,0.0,0.1,1.0,0.1,1.0,0.0,0.4873778820037842,0.05,1.65,256.0,fixed,100.72212260729032,100.80500586044198,100.89323975949782,103.11578662182264,0.2784371219588601,-0.0008228902549423
27.0,P14,P14_1,P14_2,P,10.0,predict_pair_full,0.0150107108056545,2.592743029817939,2.6077537406235933,0.0611068345606327,216.0,0.0,16.0,16.0,0.0514824069673524,0.0,0.1387903732634721,1.6845579934910735,0.1387903732634721,1.6845579934910735,0.0,0.4873778820037842,0.05,1.65,256.0,pair_full,100.72212260729032,100.80499291239656,100.89321882363711,103.11574408723196,0.2784370861945995,-0.0008227617027924
27.0,P14,P14_1,P14_2,P,10.0,fixed_1_18,0.0139591991901397,9.82645003683865,9.84040923602879,5.240365862846375e-05,1180.0,0.0,16.0,16.0,0.0514986939454125,0.0,1.0,1.8,1.0,1.8,0.0,0.4873778820037842,0.05,1.65,256.0,fixed,100.72212260729032,100.80508417866376,100.89338067109414,103.1161040705938,0.2784373382844293,-0.0008236678221715
27.0,P14,P14_1,P14_2,P,10.0,residual_balance,0.0067457780241966,7.048865232616663,7.05561101064086,2.2679567337036133e-05,1154.0,0.0,16.0,16.0,0.0515383001558037,0.0,1.0,1.0,1.0,1.0,0.0,0.4873778820037842,0.05,1.65,256.0,fixed,100.72212260729032,100.80516367212395,100.8935421790178,103.11646103839524,0.2784375578561667,-0.0008244570575266
27.0,P14,P14_1,P14_2,P,10.0,adaptive_bb_proxy,0.0101234503090381,2.8264722153544426,2.8365956656634808,2.5151297450065613e-05,501.0,0.0,16.0,16.0,0.0514758146601603,0.0,1.0,1.0,1.0,1.0,0.0,0.4873778820037842,0.05,1.65,256.0,fixed,100.72212260729032,100.80496803160044,100.89317442964662,103.1156482694546,0.2784370174704602,-0.0008225146786484
